MalwareFamily,collection_date,n,mean_error_rate,always_wrong,seed_sensitive
DarkNexus,2025-04-26,6,0.5833333333333334,2,2
DarkNexus,2025-04-27,23,0.7782608695652173,15,4
DarkNexus,2025-04-28,19,0.6631578947368421,12,1
DarkNexus,2025-04-29,19,0.6894736842105263,11,3
DarkNexus,2025-06-24,4,0.75,3,0
DarkNexus,2025-06-25,16,0.50625,8,1
DarkNexus,2025-06-26,1,1.0,1,0
Mirai,2025-04-26,189,0.0005291005291005291,0,1
Mirai,2025-04-27,574,0.0008710801393728223,0,3
Mirai,2025-04-28,662,0.0,0,0
Mirai,2025-04-29,529,0.0,0,0
Mirai,2025-06-24,124,0.0,0,0
Mirai,2025-06-25,633,0.0007898894154818325,0,2
Mirai,2025-06-26,10,0.0,0,0
