seed,held_out_arch,strategy,min_samples_leaf,threshold,n,n_darknexus,macro_f1,darknexus_recall,balanced_accuracy,mcc,pr_auc_darknexus,roc_auc,predicted_positive_rate
20261001,arm,source_mean_opt,1,0.17,2809,88,0.7143389830508474,0.29545454545454547,0.6469922488389964,0.49822456438763574,0.448267009044442,0.8177662791086164,0.01067995728017088
20261001,arm,source_minimax,1,0.17,2809,88,0.7143389830508474,0.29545454545454547,0.6469922488389964,0.49822456438763574,0.448267009044442,0.8177662791086164,0.01067995728017088
20261001,arm,source_arch_median,1,0.23,2809,88,0.7155168672084107,0.2840909090909091,0.6420454545454546,0.5269365500161729,0.448267009044442,0.8177662791086164,0.0088999644001424
20261001,arm,platt_balanced_0.5,1,0.5,2809,88,0.72985789002567,0.32954545454545453,0.6636701914403127,0.5140648892675445,0.448267009044442,0.8177662791086164,0.01245995016019936
20261001,arm,isotonic_0.5,1,0.5,2809,88,0.727513035043046,0.3181818181818182,0.6583558852026328,0.5198845149209423,0.43849172962316646,0.8918199358524607,0.011391954432182272
20261001,arm,raw_0.5,1,0.5,2809,88,0.4920433996383363,0.0,0.5,0.0,0.448267009044442,0.8177662791086164,0.0
20261001,mips,source_mean_opt,1,0.13,1586,42,0.9428221212776696,0.9523809523809523,0.9735998026153466,0.8877506831050086,0.9512452499078412,0.9985273254379472,0.03026481715006305
20261001,mips,source_minimax,1,0.13,1586,42,0.9428221212776696,0.9523809523809523,0.9735998026153466,0.8877506831050086,0.9512452499078412,0.9985273254379472,0.03026481715006305
20261001,mips,source_arch_median,1,0.13,1586,42,0.9428221212776696,0.9523809523809523,0.9735998026153466,0.8877506831050086,0.9512452499078412,0.9985273254379472,0.03026481715006305
20261001,mips,platt_balanced_0.5,1,0.5,1586,42,0.9140658864325965,0.9523809523809523,0.9716567974339995,0.8351762275858138,0.9512452499078412,0.9985273254379472,0.034047919293820936
20261001,mips,isotonic_0.5,1,0.5,1586,42,0.9532484376842354,0.9523809523809523,0.974247471009129,0.9074945723461098,0.8442295121117,0.9971163335800641,0.029003783102143757
20261001,mips,raw_0.5,1,0.5,1586,42,0.9102360931435964,0.7857142857142857,0.8912379718726868,0.8215651550446501,0.9512452499078412,0.9985273254379472,0.02395964691046658
20261001,mipsel,source_mean_opt,1,0.12,1522,39,0.9467540494210115,1.0,0.9969656102494943,0.8986484944934967,0.9184181908570059,0.9979857184847071,0.03153745072273324
20261001,mipsel,source_minimax,1,0.12,1522,39,0.9467540494210115,1.0,0.9969656102494943,0.8986484944934967,0.9184181908570059,0.9979857184847071,0.03153745072273324
20261001,mipsel,source_arch_median,1,0.16,1522,39,0.9467540494210115,1.0,0.9969656102494943,0.8986484944934967,0.9184181908570059,0.9979857184847071,0.03153745072273324
20261001,mipsel,platt_balanced_0.5,1,0.5,1522,39,0.9313021891220943,1.0,0.9959541469993257,0.8709294501711602,0.9184181908570059,0.9979857184847071,0.03350854139290407
20261001,mipsel,isotonic_0.5,1,0.5,1522,39,0.9467540494210115,1.0,0.9969656102494943,0.8986484944934967,0.8086129296235679,0.9968878053840967,0.03153745072273324
20261001,mipsel,raw_0.5,1,0.5,1522,39,0.9401701338113433,0.9743589743589743,0.9841450974289814,0.8844300173408101,0.9184181908570059,0.9979857184847071,0.03088042049934297
20261001,x86,source_mean_opt,1,0.19,1670,50,0.8544960015758829,0.58,0.7893827160493827,0.7307600046205124,0.9317516585865224,0.9979753086419754,0.018562874251497007
20261001,x86,source_minimax,1,0.19,1670,50,0.8544960015758829,0.58,0.7893827160493827,0.7307600046205124,0.9317516585865224,0.9979753086419754,0.018562874251497007
20261001,x86,source_arch_median,1,0.2,1670,50,0.8544960015758829,0.58,0.7893827160493827,0.7307600046205124,0.9317516585865224,0.9979753086419754,0.018562874251497007
20261001,x86,platt_balanced_0.5,1,0.5,1670,50,0.8563850491993229,1.0,0.9882716049382716,0.7448852908473648,0.9317516585865224,0.9979753086419754,0.05269461077844311
20261001,x86,isotonic_0.5,1,0.5,1670,50,0.8544960015758829,0.58,0.7893827160493827,0.7307600046205124,0.7266525568043595,0.9870432098765433,0.018562874251497007
20261001,x86,raw_0.5,1,0.5,1670,50,0.781127129750983,0.4,0.7,0.6266795614405122,0.9317516585865224,0.9979753086419754,0.011976047904191617
20261002,arm,source_mean_opt,1,0.15000000000000002,2809,88,0.7292401772945982,0.3068181818181818,0.6534090909090909,0.5478053307039735,0.520204669643177,0.9277275233035983,0.009611961552153792
20261002,arm,source_minimax,1,0.15000000000000002,2809,88,0.7292401772945982,0.3068181818181818,0.6534090909090909,0.5478053307039735,0.520204669643177,0.9277275233035983,0.009611961552153792
20261002,arm,source_arch_median,1,0.27,2809,88,0.7013056273996895,0.26136363636363635,0.6306818181818181,0.5052383367645722,0.520204669643177,0.9277275233035983,0.008187967248131008
20261002,arm,platt_balanced_0.5,1,0.5,2809,88,0.7271243058950351,0.3068181818181818,0.6532253349370218,0.5373864007762421,0.520204669643177,0.9277275233035983,0.009967960128159488
20261002,arm,isotonic_0.5,1,0.5,2809,88,0.7292401772945982,0.3068181818181818,0.6534090909090909,0.5478053307039735,0.499130518277501,0.9491643279542948,0.009611961552153792
20261002,arm,raw_0.5,1,0.5,2809,88,0.5033683478939442,0.011363636363636364,0.5056818181818182,0.10493597041318999,0.520204669643177,0.9277275233035983,0.000355998576005696
20261002,mips,source_mean_opt,1,0.15000000000000002,1586,42,0.9479785849912714,0.9523809523809523,0.9739236368122378,0.8974668575541609,0.9566957890552936,0.9985890081421169,0.029634300126103404
20261002,mips,source_minimax,1,0.17,1586,42,0.9532484376842354,0.9523809523809523,0.974247471009129,0.9074945723461098,0.9566957890552936,0.9985890081421169,0.029003783102143757
20261002,mips,source_arch_median,1,0.17,1586,42,0.9532484376842354,0.9523809523809523,0.974247471009129,0.9074945723461098,0.9566957890552936,0.9985890081421169,0.029003783102143757
20261002,mips,platt_balanced_0.5,1,0.5,1586,42,0.8987034553234975,0.9761904761904762,0.9819423883543055,0.8111861414110504,0.9566957890552936,0.9985890081421169,0.03783102143757881
20261002,mips,isotonic_0.5,1,0.5,1586,42,0.9532484376842354,0.9523809523809523,0.974247471009129,0.9074945723461098,0.8465970845242836,0.997393905748828,0.029003783102143757
20261002,mips,raw_0.5,1,0.5,1586,42,0.9303194060014938,0.8333333333333334,0.915371329879102,0.8612660842262374,0.9566957890552936,0.9985890081421169,0.02459016393442623
20261002,mipsel,source_mean_opt,1,0.12,1522,39,0.9414903432156476,1.0,0.9966284558327714,0.8891295853186426,0.9223617097903616,0.9980981032902814,0.032194480946123524
20261002,mipsel,source_minimax,1,0.12,1522,39,0.9414903432156476,1.0,0.9966284558327714,0.8891295853186426,0.9223617097903616,0.9980981032902814,0.032194480946123524
20261002,mipsel,source_arch_median,1,0.18000000000000002,1522,39,0.9467540494210115,1.0,0.9969656102494943,0.8986484944934967,0.9223617097903616,0.9980981032902814,0.03153745072273324
20261002,mipsel,platt_balanced_0.5,1,0.5,1522,39,0.9215417697655237,1.0,0.99527983816588,0.853757813046806,0.9223617097903616,0.9980981032902814,0.03482260183968462
20261002,mipsel,isotonic_0.5,1,0.5,1522,39,0.9467540494210115,1.0,0.9969656102494943,0.8986484944934967,0.8086129296235679,0.9968878053840967,0.03153745072273324
20261002,mipsel,raw_0.5,1,0.5,1522,39,0.9387870012870012,0.9487179487179487,0.9716617390251915,0.8799682810850645,0.9223617097903616,0.9980981032902814,0.02956636005256242
20261002,x86,source_mean_opt,1,0.15000000000000002,1670,50,0.9262530359902847,0.9,0.9469135802469135,0.8535489819350595,0.9292141880284466,0.9979074074074074,0.03293413173652695
20261002,x86,source_minimax,1,0.15000000000000002,1670,50,0.9262530359902847,0.9,0.9469135802469135,0.8535489819350595,0.9292141880284466,0.9979074074074074,0.03293413173652695
20261002,x86,source_arch_median,1,0.19,1670,50,0.8970724191063174,0.76,0.8778395061728395,0.7953292053597519,0.9292141880284466,0.9979074074074074,0.02694610778443114
20261002,x86,platt_balanced_0.5,1,0.5,1670,50,0.8994944631680308,1.0,0.9925925925925926,0.8158833652340669,0.9292141880284466,0.9979074074074074,0.04431137724550898
20261002,x86,isotonic_0.5,1,0.5,1670,50,0.9262530359902847,0.9,0.9469135802469135,0.8535489819350595,0.8777811964168389,0.9969876543209877,0.03293413173652695
20261002,x86,raw_0.5,1,0.5,1670,50,0.781127129750983,0.4,0.7,0.6266795614405122,0.9292141880284466,0.9979074074074074,0.011976047904191617
20261003,arm,source_mean_opt,1,0.17,2809,88,0.7155168672084107,0.2840909090909091,0.6420454545454546,0.5269365500161729,0.44137463968121254,0.7818440747051552,0.0088999644001424
20261003,arm,source_minimax,1,0.17,2809,88,0.7155168672084107,0.2840909090909091,0.6420454545454546,0.5269365500161729,0.44137463968121254,0.7818440747051552,0.0088999644001424
20261003,arm,source_arch_median,1,0.25,2809,88,0.7013056273996895,0.26136363636363635,0.6306818181818181,0.5052383367645722,0.44137463968121254,0.7818440747051552,0.008187967248131008
20261003,arm,platt_balanced_0.5,1,0.5,2809,88,0.7155168672084107,0.2840909090909091,0.6420454545454546,0.5269365500161729,0.44137463968121254,0.7818440747051552,0.0088999644001424
20261003,arm,isotonic_0.5,1,0.5,2809,88,0.7155168672084107,0.2840909090909091,0.6420454545454546,0.5269365500161729,0.39321315194078066,0.6956416424442886,0.0088999644001424
20261003,arm,raw_0.5,1,0.5,2809,88,0.4920433996383363,0.0,0.5,0.0,0.44137463968121254,0.7818440747051552,0.0
20261003,mips,source_mean_opt,1,0.17,1586,42,0.9532484376842354,0.9523809523809523,0.974247471009129,0.9074945723461098,0.9515895760822115,0.9986584011843079,0.029003783102143757
20261003,mips,source_minimax,1,0.16,1586,42,0.9532484376842354,0.9523809523809523,0.974247471009129,0.9074945723461098,0.9515895760822115,0.9986584011843079,0.029003783102143757
20261003,mips,source_arch_median,1,0.16,1586,42,0.9532484376842354,0.9523809523809523,0.974247471009129,0.9074945723461098,0.9515895760822115,0.9986584011843079,0.029003783102143757
20261003,mips,platt_balanced_0.5,1,0.5,1586,42,0.9070703124999999,0.9761904761904762,0.9825900567480879,0.8256214820637943,0.9515895760822115,0.9986584011843079,0.03656998738965952
20261003,mips,isotonic_0.5,1,0.5,1586,42,0.9532484376842354,0.9523809523809523,0.974247471009129,0.9074945723461098,0.8535623796493361,0.9976097952134221,0.029003783102143757
20261003,mips,raw_0.5,1,0.5,1586,42,0.9230595084087969,0.8095238095238095,0.90346656797434,0.847244125836121,0.9515895760822115,0.9986584011843079,0.02395964691046658
20261003,mipsel,source_mean_opt,1,0.13,1522,39,0.9467540494210115,1.0,0.9969656102494943,0.8986484944934967,0.9210947480322038,0.9980981032902814,0.03153745072273324
20261003,mipsel,source_minimax,1,0.13,1522,39,0.9467540494210115,1.0,0.9969656102494943,0.8986484944934967,0.9210947480322038,0.9980981032902814,0.03153745072273324
20261003,mipsel,source_arch_median,1,0.17,1522,39,0.9467540494210115,1.0,0.9969656102494943,0.8986484944934967,0.9210947480322038,0.9980981032902814,0.03153745072273324
20261003,mipsel,platt_balanced_0.5,1,0.5,1522,39,0.9121817526144969,1.0,0.9946055293324343,0.8375204886278618,0.9210947480322038,0.9980981032902814,0.03613666228646518
20261003,mipsel,isotonic_0.5,1,0.5,1522,39,0.9467540494210115,1.0,0.9969656102494943,0.8986484944934967,0.8086129296235679,0.9968878053840967,0.03153745072273324
20261003,mipsel,raw_0.5,1,0.5,1522,39,0.9401701338113433,0.9743589743589743,0.9841450974289814,0.8844300173408101,0.9210947480322038,0.9980981032902814,0.03088042049934297
20261003,x86,source_mean_opt,5,0.35000000000000003,1670,50,0.8162209750192584,0.5,0.749074074074074,0.6612039472516658,0.9031919413239837,0.9970370370370369,0.016766467065868262
20261003,x86,source_minimax,5,0.35000000000000003,1670,50,0.8162209750192584,0.5,0.749074074074074,0.6612039472516658,0.9031919413239837,0.9970370370370369,0.016766467065868262
20261003,x86,source_arch_median,5,0.38,1670,50,0.8158652373660031,0.48,0.7396913580246913,0.672778223288512,0.9031919413239837,0.9970370370370369,0.014970059880239521
20261003,x86,platt_balanced_0.5,5,0.5,1670,50,0.9099612579236404,1.0,0.9935185185185185,0.8337244778436459,0.9031919413239836,0.9970370370370369,0.04251497005988024
20261003,x86,isotonic_0.5,5,0.5,1670,50,0.8249645252837978,0.5,0.7496913580246913,0.6874457572087982,0.8321019404019404,0.9957777777777779,0.015568862275449102
20261003,x86,raw_0.5,5,0.5,1670,50,0.781127129750983,0.4,0.7,0.6266795614405122,0.9031919413239837,0.9970370370370369,0.011976047904191617
20261004,arm,source_mean_opt,1,0.17,2809,88,0.7737758608347054,0.38636363636363635,0.6931818181818181,0.6155040282932426,0.4780717077140894,0.8961987571414253,0.012103951584193664
20261004,arm,source_minimax,1,0.17,2809,88,0.7737758608347054,0.38636363636363635,0.6931818181818181,0.6155040282932426,0.4780717077140894,0.8961987571414253,0.012103951584193664
20261004,arm,source_arch_median,1,0.23,2809,88,0.6940087145969499,0.25,0.625,0.49404418379695075,0.4780717077140894,0.8961987571414253,0.007831968672125312
20261004,arm,platt_balanced_0.5,1,0.5,2809,88,0.7726794529416525,0.3977272727272727,0.698312368447429,0.5981021213620185,0.4780717077140894,0.8961987571414253,0.013527945888216448
20261004,arm,isotonic_0.5,1,0.5,2809,88,0.7677245439661302,0.375,0.6875,0.6062757169446689,0.4369134163719436,0.6925136146470214,0.011747953008187968
20261004,arm,raw_0.5,1,0.5,2809,88,0.4920433996383363,0.0,0.5,0.0,0.4780717077140894,0.8961987571414253,0.0
20261004,mips,source_mean_opt,1,0.17,1586,42,0.9479785849912714,0.9523809523809523,0.9739236368122378,0.8974668575541609,0.9572168599163824,0.9987432149025413,0.029634300126103404
20261004,mips,source_minimax,1,0.18000000000000002,1586,42,0.9479785849912714,0.9523809523809523,0.9739236368122378,0.8974668575541609,0.9572168599163824,0.9987432149025413,0.029634300126103404
20261004,mips,source_arch_median,1,0.18000000000000002,1586,42,0.9479785849912714,0.9523809523809523,0.9739236368122378,0.8974668575541609,0.9572168599163824,0.9987432149025413,0.029634300126103404
20261004,mips,platt_balanced_0.5,1,0.5,1586,42,0.911375387457392,0.9761904761904762,0.982913890944979,0.8331185727329027,0.9572168599163824,0.9987432149025413,0.035939470365699874
20261004,mips,isotonic_0.5,1,0.5,1586,42,0.9479785849912714,0.9523809523809523,0.9739236368122378,0.8974668575541609,0.8531943433651554,0.9974941401431039,0.029634300126103404
20261004,mips,raw_0.5,1,0.5,1586,42,0.9358829236739974,0.8333333333333334,0.9156951640759932,0.8729230966275918,0.9572168599163824,0.9987432149025413,0.02395964691046658
20261004,mipsel,source_mean_opt,1,0.12,1522,39,0.9467540494210115,1.0,0.9969656102494943,0.8986484944934967,0.9197205584105393,0.9980635233501046,0.03153745072273324
20261004,mipsel,source_minimax,1,0.12,1522,39,0.9467540494210115,1.0,0.9969656102494943,0.8986484944934967,0.9197205584105393,0.9980635233501046,0.03153745072273324
20261004,mipsel,source_arch_median,1,0.14,1522,39,0.9467540494210115,1.0,0.9969656102494943,0.8986484944934967,0.9197205584105393,0.9980635233501046,0.03153745072273324
20261004,mipsel,platt_balanced_0.5,1,0.5,1522,39,0.936340995075952,1.0,0.9962913014160486,0.8798945563015127,0.9197205584105393,0.9980635233501046,0.0328515111695138
20261004,mipsel,isotonic_0.5,1,0.5,1522,39,0.9467540494210115,1.0,0.9969656102494943,0.8986484944934967,0.8125,0.9969656102494943,0.03153745072273324
20261004,mipsel,raw_0.5,1,0.5,1522,39,0.9334353815875793,0.9487179487179487,0.9713245846084686,0.8700232799327878,0.9197205584105393,0.9980635233501046,0.030223390275952694
20261004,x86,source_mean_opt,1,0.17,1670,50,0.8491009306948586,0.6,0.7984567901234567,0.710167949480259,0.9088044751916204,0.9971234567901234,0.020958083832335328
20261004,x86,source_minimax,1,0.17,1670,50,0.8491009306948586,0.6,0.7984567901234567,0.710167949480259,0.9088044751916204,0.9971234567901234,0.020958083832335328
20261004,x86,source_arch_median,1,0.17,1670,50,0.8491009306948586,0.6,0.7984567901234567,0.710167949480259,0.9088044751916204,0.9971234567901234,0.020958083832335328
20261004,x86,platt_balanced_0.5,1,0.5,1670,50,0.9017605031231282,0.94,0.9641358024691358,0.8119764354026406,0.9088044751916204,0.9971234567901234,0.03952095808383234
20261004,x86,isotonic_0.5,1,0.5,1670,50,0.8379389718926011,0.54,0.7693827160493827,0.7028925544880407,0.8218540849860944,0.9947777777777779,0.017365269461077845
20261004,x86,raw_0.5,1,0.5,1670,50,0.781127129750983,0.4,0.7,0.6266795614405122,0.9088044751916204,0.9971234567901234,0.011976047904191617
20261005,arm,source_mean_opt,1,0.15000000000000002,2809,88,0.778456371700578,0.4090909090909091,0.7039941866292473,0.6074089764945663,0.649975251377771,0.9690308542982191,0.013883944464222144
20261005,arm,source_minimax,1,0.15000000000000002,2809,88,0.778456371700578,0.4090909090909091,0.7039941866292473,0.6074089764945663,0.649975251377771,0.9690308542982191,0.013883944464222144
20261005,arm,source_arch_median,1,0.27,2809,88,0.6865795920270583,0.23863636363636365,0.6193181818181819,0.48259875531116503,0.649975251377771,0.9690308542982191,0.007475970096119616
20261005,arm,platt_balanced_0.5,1,0.5,2809,88,0.778456371700578,0.4090909090909091,0.7039941866292473,0.6074089764945663,0.649975251377771,0.9690308542982191,0.013883944464222144
20261005,arm,isotonic_0.5,1,0.5,2809,88,0.7831756781358092,0.4090909090909091,0.7043616985733855,0.6245074611012912,0.47330526010672014,0.911076726470883,0.013171947312210752
20261005,arm,raw_0.5,1,0.5,2809,88,0.6865795920270583,0.23863636363636365,0.6193181818181819,0.48259875531116503,0.649975251377771,0.9690308542982191,0.007475970096119616
20261005,mips,source_mean_opt,5,0.27,1586,42,0.9479785849912714,0.9523809523809523,0.9739236368122378,0.8974668575541609,0.9153882684899577,0.9977023192696769,0.029634300126103404
20261005,mips,source_minimax,5,0.31,1586,42,0.9479785849912714,0.9523809523809523,0.9739236368122378,0.8974668575541609,0.9153882684899577,0.9977023192696769,0.029634300126103404
20261005,mips,source_arch_median,5,0.28,1586,42,0.9479785849912714,0.9523809523809523,0.9739236368122378,0.8974668575541609,0.9153882684899577,0.9977023192696769,0.029634300126103404
20261005,mips,platt_balanced_0.5,5,0.5,1586,42,0.847885448636938,0.9761904761904762,0.9774087095978288,0.7269036861817868,0.9153882684899577,0.9977023192696769,0.04665825977301387
20261005,mips,isotonic_0.5,5,0.5,1586,42,0.9479785849912714,0.9523809523809523,0.9739236368122378,0.8974668575541609,0.8586701704093008,0.9975789538613372,0.029634300126103404
20261005,mips,raw_0.5,5,0.5,1586,42,0.9468171910803107,0.9285714285714286,0.9623427091043671,0.8942001245935441,0.9153882684899577,0.9977023192696769,0.02837326607818411
20261005,mipsel,source_mean_opt,1,0.15000000000000002,1522,39,0.9467540494210115,1.0,0.9969656102494943,0.8986484944934967,0.9213154279173896,0.9980721683351488,0.03153745072273324
20261005,mipsel,source_minimax,1,0.15000000000000002,1522,39,0.9467540494210115,1.0,0.9969656102494943,0.8986484944934967,0.9213154279173896,0.9980721683351488,0.03153745072273324
20261005,mipsel,source_arch_median,1,0.16,1522,39,0.9467540494210115,1.0,0.9969656102494943,0.8986484944934967,0.9213154279173896,0.9980721683351488,0.03153745072273324
20261005,mipsel,platt_balanced_0.5,1,0.5,1522,39,0.9263702771999419,1.0,0.9956169925826028,0.8622212528544541,0.9213154279173896,0.9980721683351488,0.03416557161629435
20261005,mipsel,isotonic_0.5,1,0.5,1522,39,0.9467540494210115,1.0,0.9969656102494943,0.8986484944934967,0.8086129296235679,0.9968878053840966,0.03153745072273324
20261005,mipsel,raw_0.5,1,0.5,1522,39,0.9455380394807467,0.9743589743589743,0.9844822518457044,0.8943111638663481,0.9213154279173896,0.9980721683351488,0.030223390275952694
20261005,x86,source_mean_opt,1,0.18000000000000002,1670,50,0.9115187668103435,0.82,0.9075308641975308,0.8230826802324042,0.9182940397415651,0.9975802469135802,0.029341317365269463
20261005,x86,source_minimax,1,0.18000000000000002,1670,50,0.9115187668103435,0.82,0.9075308641975308,0.8230826802324042,0.9182940397415651,0.9975802469135802,0.029341317365269463
20261005,x86,source_arch_median,1,0.2,1670,50,0.8370290051504472,0.58,0.7881481481481482,0.6856388806977971,0.9182940397415651,0.9975802469135802,0.020958083832335328
20261005,x86,platt_balanced_0.5,1,0.5,1670,50,0.9135610766045549,1.0,0.9938271604938271,0.8399210511316161,0.9182940397415651,0.9975802469135802,0.041916167664670656
20261005,x86,isotonic_0.5,1,0.5,1670,50,0.8838630199588702,0.72,0.8578395061728394,0.770074578253541,0.8005451953225545,0.9905493827160494,0.025748502994011976
20261005,x86,raw_0.5,1,0.5,1670,50,0.781127129750983,0.4,0.7,0.6266795614405122,0.9182940397415651,0.9975802469135802,0.011976047904191617
20261006,arm,source_mean_opt,1,0.17,2809,88,0.7292401772945982,0.3068181818181818,0.6534090909090909,0.5478053307039735,0.46954869837791785,0.8660669539941865,0.009611961552153792
20261006,arm,source_minimax,1,0.15000000000000002,2809,88,0.7292401772945982,0.3068181818181818,0.6534090909090909,0.5478053307039735,0.46954869837791785,0.8660669539941865,0.009611961552153792
20261006,arm,source_arch_median,1,0.26,2809,88,0.7013056273996895,0.26136363636363635,0.6306818181818181,0.5052383367645722,0.46954869837791785,0.8660669539941865,0.008187967248131008
20261006,arm,platt_balanced_0.5,1,0.5,2809,88,0.7292401772945982,0.3068181818181818,0.6534090909090909,0.5478053307039735,0.46954869837791785,0.8660669539941865,0.009611961552153792
20261006,arm,isotonic_0.5,1,0.5,2809,88,0.722437907996736,0.29545454545454547,0.6477272727272727,0.5374684869659145,0.4438245248681977,0.907382813805085,0.009255962976148096
20261006,arm,raw_0.5,1,0.5,2809,88,0.6713098865989346,0.2159090909090909,0.6079545454545454,0.45887841931666934,0.46954869837791785,0.8660669539941865,0.006763972944108224
20261006,mips,source_mean_opt,1,0.15000000000000002,1586,42,0.9532484376842354,0.9523809523809523,0.974247471009129,0.9074945723461098,0.9621307520662981,0.9988820009869233,0.029003783102143757
20261006,mips,source_minimax,1,0.14,1586,42,0.9479785849912714,0.9523809523809523,0.9739236368122378,0.8974668575541609,0.9621307520662981,0.9988820009869233,0.029634300126103404
20261006,mips,source_arch_median,1,0.15000000000000002,1586,42,0.9532484376842354,0.9523809523809523,0.974247471009129,0.9074945723461098,0.9621307520662981,0.9988820009869233,0.029003783102143757
20261006,mips,platt_balanced_0.5,1,0.5,1586,42,0.9294665001796008,0.9761904761904762,0.9842092277325438,0.8651717661412136,0.9621307520662981,0.9988820009869233,0.033417402269861285
20261006,mips,isotonic_0.5,1,0.5,1586,42,0.9532484376842354,0.9523809523809523,0.974247471009129,0.9074945723461098,0.845640456611134,0.997285961016531,0.029003783102143757
20261006,mips,raw_0.5,1,0.5,1586,42,0.9303194060014938,0.8333333333333334,0.915371329879102,0.8612660842262374,0.9621307520662981,0.9988820009869233,0.02459016393442623
20261006,mipsel,source_mean_opt,1,0.12,1522,39,0.9467540494210115,1.0,0.9969656102494943,0.8986484944934967,0.9232319531265976,0.9981240382454138,0.03153745072273324
20261006,mipsel,source_minimax,1,0.12,1522,39,0.9467540494210115,1.0,0.9969656102494943,0.8986484944934967,0.9232319531265976,0.9981240382454138,0.03153745072273324
20261006,mipsel,source_arch_median,1,0.16,1522,39,0.9467540494210115,1.0,0.9969656102494943,0.8986484944934967,0.9232319531265976,0.9981240382454138,0.03153745072273324
20261006,mipsel,platt_balanced_0.5,1,0.5,1522,39,0.9215417697655237,1.0,0.99527983816588,0.853757813046806,0.9232319531265976,0.9981240382454138,0.03482260183968462
20261006,mipsel,isotonic_0.5,1,0.5,1522,39,0.9467540494210115,1.0,0.9969656102494943,0.8986484944934967,0.8086129296235679,0.9968878053840967,0.03153745072273324
20261006,mipsel,raw_0.5,1,0.5,1522,39,0.9455380394807467,0.9743589743589743,0.9844822518457044,0.8943111638663481,0.9232319531265976,0.9981240382454138,0.030223390275952694
20261006,x86,source_mean_opt,1,0.17,1670,50,0.9262530359902847,0.9,0.9469135802469135,0.8535489819350595,0.929518240575499,0.9979135802469136,0.03293413173652695
20261006,x86,source_minimax,1,0.17,1670,50,0.9262530359902847,0.9,0.9469135802469135,0.8535489819350595,0.929518240575499,0.9979135802469136,0.03293413173652695
20261006,x86,source_arch_median,1,0.18000000000000002,1670,50,0.9336367721366148,0.88,0.9378395061728395,0.8673191549306253,0.929518240575499,0.9979135802469136,0.03053892215568862
20261006,x86,platt_balanced_0.5,1,0.5,1670,50,0.9064177933550011,1.0,0.9932098765432098,0.8276555548180202,0.929518240575499,0.9979135802469136,0.04311377245508982
20261006,x86,isotonic_0.5,1,0.5,1670,50,0.9305291432918132,0.9,0.9472222222222222,0.8617441071013747,0.8432624113475178,0.9940123456790123,0.032335329341317366
20261006,x86,raw_0.5,1,0.5,1670,50,0.781127129750983,0.4,0.7,0.6266795614405122,0.929518240575499,0.9979135802469136,0.011976047904191617
20261007,arm,source_mean_opt,1,0.19,2809,88,0.722437907996736,0.29545454545454547,0.6477272727272727,0.5374684869659145,0.48370675670633434,0.859405800006682,0.009255962976148096
20261007,arm,source_minimax,1,0.13,2809,88,0.780798043908022,0.4090909090909091,0.7041779426013164,0.6157924569266214,0.48370675670633434,0.859405800006682,0.013527945888216448
20261007,arm,source_arch_median,1,0.27,2809,88,0.7013056273996895,0.26136363636363635,0.6306818181818181,0.5052383367645722,0.48370675670633434,0.859405800006682,0.008187967248131008
20261007,arm,platt_balanced_0.5,1,0.5,2809,88,0.785590145261106,0.4090909090909091,0.7045454545454546,0.6335767771193951,0.48370675670633434,0.859405800006682,0.012815948736205056
20261007,arm,isotonic_0.5,1,0.5,2809,88,0.722437907996736,0.29545454545454547,0.6477272727272727,0.5374684869659145,0.47619526977357196,0.9153594935017206,0.009255962976148096
20261007,arm,raw_0.5,1,0.5,2809,88,0.4920433996383363,0.0,0.5,0.0,0.48370675670633434,0.859405800006682,0.0
20261007,mips,source_mean_opt,1,0.13,1586,42,0.9532484376842354,0.9523809523809523,0.974247471009129,0.9074945723461098,0.9548246235262511,0.9986892425363928,0.029003783102143757
20261007,mips,source_minimax,1,0.13,1586,42,0.9532484376842354,0.9523809523809523,0.974247471009129,0.9074945723461098,0.9548246235262511,0.9986892425363928,0.029003783102143757
20261007,mips,source_arch_median,1,0.13,1586,42,0.9532484376842354,0.9523809523809523,0.974247471009129,0.9074945723461098,0.9548246235262511,0.9986892425363928,0.029003783102143757
20261007,mips,platt_balanced_0.5,1,0.5,1586,42,0.9028471391587222,0.9761904761904762,0.9822662225511967,0.8183133002783846,0.9548246235262511,0.9986892425363928,0.03720050441361917
20261007,mips,isotonic_0.5,1,0.5,1586,42,0.9532484376842354,0.9523809523809523,0.974247471009129,0.9074945723461098,0.8446998334771669,0.9973630643967432,0.029003783102143757
20261007,mips,raw_0.5,1,0.5,1586,42,0.9134842540335271,0.7619047619047619,0.8799808783617074,0.8306156509920212,0.9548246235262511,0.9986892425363928,0.022068095838587643
20261007,mipsel,source_mean_opt,5,0.23,1522,39,0.936340995075952,1.0,0.9962913014160486,0.8798945563015127,0.8812933374714667,0.997250894755952,0.0328515111695138
20261007,mipsel,source_minimax,5,0.23,1522,39,0.936340995075952,1.0,0.9962913014160486,0.8798945563015127,0.8812933374714667,0.997250894755952,0.0328515111695138
20261007,mipsel,source_arch_median,5,0.26,1522,39,0.936340995075952,1.0,0.9962913014160486,0.8798945563015127,0.8812933374714667,0.997250894755952,0.0328515111695138
20261007,mipsel,platt_balanced_0.5,5,0.5,1522,39,0.8457257120741608,1.0,0.9888739042481456,0.7277454199572982,0.8812933374714667,0.997250894755952,0.04730617608409987
20261007,mipsel,isotonic_0.5,5,0.5,1522,39,0.9467540494210115,1.0,0.9969656102494943,0.8986484944934967,0.8086129296235679,0.9968878053840967,0.03153745072273324
20261007,mipsel,raw_0.5,5,0.5,1522,39,0.9401701338113433,0.9743589743589743,0.9841450974289814,0.8844300173408101,0.8812933374714667,0.997250894755952,0.03088042049934297
20261007,x86,source_mean_opt,1,0.16,1670,50,0.9305291432918132,0.9,0.9472222222222222,0.8617441071013747,0.9273571003093399,0.9978395061728396,0.032335329341317366
20261007,x86,source_minimax,1,0.16,1670,50,0.9305291432918132,0.9,0.9472222222222222,0.8617441071013747,0.9273571003093399,0.9978395061728396,0.032335329341317366
20261007,x86,source_arch_median,1,0.16,1670,50,0.9305291432918132,0.9,0.9472222222222222,0.8617441071013747,0.9273571003093399,0.9978395061728396,0.032335329341317366
20261007,x86,platt_balanced_0.5,1,0.5,1670,50,0.9135610766045549,1.0,0.9938271604938271,0.8399210511316161,0.9273571003093399,0.9978395061728396,0.041916167664670656
20261007,x86,isotonic_0.5,1,0.5,1670,50,0.9305291432918132,0.9,0.9472222222222222,0.8617441071013747,0.8679232326041281,0.9954753086419753,0.032335329341317366
20261007,x86,raw_0.5,1,0.5,1670,50,0.781127129750983,0.4,0.7,0.6266795614405122,0.9273571003093399,0.9978395061728396,0.011976047904191617
20261008,arm,source_mean_opt,1,0.15000000000000002,2809,88,0.7586295284908064,0.375,0.6867649761117236,0.5707337620913944,0.4757329292961532,0.9105004009221209,0.013171947312210752
20261008,arm,source_minimax,1,0.15000000000000002,2809,88,0.7586295284908064,0.375,0.6867649761117236,0.5707337620913944,0.4757329292961532,0.9105004009221209,0.013171947312210752
20261008,arm,source_arch_median,1,0.26,2809,88,0.7084738726583987,0.2727272727272727,0.6363636363636364,0.5161975701714944,0.4757329292961532,0.9105004009221209,0.008543965824136704
20261008,arm,platt_balanced_0.5,1,0.5,2809,88,0.7292401772945982,0.3068181818181818,0.6534090909090909,0.5478053307039735,0.4757329292961532,0.9105004009221209,0.009611961552153792
20261008,arm,isotonic_0.5,1,0.5,2809,88,0.7013056273996895,0.26136363636363635,0.6306818181818181,0.5052383367645722,0.4465100303123565,0.8916883832815475,0.008187967248131008
20261008,arm,raw_0.5,1,0.5,2809,88,0.4920433996383363,0.0,0.5,0.0,0.4757329292961532,0.9105004009221209,0.0
20261008,mips,source_mean_opt,1,0.15000000000000002,1586,42,0.9428221212776696,0.9523809523809523,0.9735998026153466,0.8877506831050086,0.9521298519101119,0.9983576980014803,0.03026481715006305
20261008,mips,source_minimax,1,0.16,1586,42,0.9479785849912714,0.9523809523809523,0.9739236368122378,0.8974668575541609,0.9521298519101119,0.9983576980014803,0.029634300126103404
20261008,mips,source_arch_median,1,0.15000000000000002,1586,42,0.9428221212776696,0.9523809523809523,0.9735998026153466,0.8877506831050086,0.9521298519101119,0.9983576980014803,0.03026481715006305
20261008,mips,platt_balanced_0.5,1,0.5,1586,42,0.9202413879808902,0.9761904761904762,0.9835615593387614,0.8487135153221886,0.9521298519101119,0.9983576980014803,0.03467843631778058
20261008,mips,isotonic_0.5,1,0.5,1586,42,0.9479785849912714,0.9523809523809523,0.9739236368122378,0.8974668575541609,0.8327078382403209,0.98545059215396,0.029634300126103404
20261008,mips,raw_0.5,1,0.5,1586,42,0.9230595084087969,0.8095238095238095,0.90346656797434,0.847244125836121,0.9521298519101119,0.9983576980014803,0.02395964691046658
20261008,mipsel,source_mean_opt,1,0.15000000000000002,1522,39,0.9467540494210115,1.0,0.9969656102494943,0.8986484944934967,0.9119111854197581,0.9979424935594862,0.03153745072273324
20261008,mipsel,source_minimax,1,0.15000000000000002,1522,39,0.9467540494210115,1.0,0.9969656102494943,0.8986484944934967,0.9119111854197581,0.9979424935594862,0.03153745072273324
20261008,mipsel,source_arch_median,1,0.15000000000000002,1522,39,0.9467540494210115,1.0,0.9969656102494943,0.8986484944934967,0.9119111854197581,0.9979424935594862,0.03153745072273324
20261008,mipsel,platt_balanced_0.5,1,0.5,1522,39,0.9076439827952383,1.0,0.9942683749157114,0.8297260008519324,0.9119111854197581,0.9979424935594862,0.03679369250985545
20261008,mipsel,isotonic_0.5,1,0.5,1522,39,0.9467540494210115,1.0,0.9969656102494943,0.8986484944934967,0.8086129296235679,0.9968878053840967,0.03153745072273324
20261008,mipsel,raw_0.5,1,0.5,1522,39,0.9334353815875793,0.9487179487179487,0.9713245846084686,0.8700232799327878,0.9119111854197581,0.9979424935594862,0.030223390275952694
20261008,x86,source_mean_opt,1,0.16,1670,50,0.9190979665491892,0.86,0.9272222222222222,0.8383693824627567,0.921051049910808,0.9975925925925927,0.031137724550898204
20261008,x86,source_minimax,1,0.16,1670,50,0.9190979665491892,0.86,0.9272222222222222,0.8383693824627567,0.921051049910808,0.9975925925925927,0.031137724550898204
20261008,x86,source_arch_median,1,0.2,1670,50,0.846319018404908,0.56,0.7793827160493827,0.7169510230461728,0.921051049910808,0.9975925925925927,0.017964071856287425
20261008,x86,platt_balanced_0.5,1,0.5,1670,50,0.9135610766045549,1.0,0.9938271604938271,0.8399210511316161,0.921051049910808,0.9975925925925927,0.041916167664670656
20261008,x86,isotonic_0.5,1,0.5,1670,50,0.846319018404908,0.56,0.7793827160493827,0.7169510230461728,0.8516324786324786,0.9951975308641976,0.017964071856287425
20261008,x86,raw_0.5,1,0.5,1670,50,0.781127129750983,0.4,0.7,0.6266795614405122,0.921051049910808,0.9975925925925927,0.011976047904191617
20261009,arm,source_mean_opt,1,0.17,2809,88,0.722437907996736,0.29545454545454547,0.6477272727272727,0.5374684869659145,0.46055565363559525,0.8262148775517023,0.009255962976148096
20261009,arm,source_minimax,1,0.14,2809,88,0.7831756781358092,0.4090909090909091,0.7043616985733855,0.6245074611012912,0.46055565363559525,0.8262148775517023,0.013171947312210752
20261009,arm,source_arch_median,1,0.24000000000000002,2809,88,0.7013056273996895,0.26136363636363635,0.6306818181818181,0.5052383367645722,0.46055565363559525,0.8262148775517023,0.008187967248131008
20261009,arm,platt_balanced_0.5,1,0.5,2809,88,0.7714182146371054,0.38636363636363635,0.6929980622097491,0.6061795773904652,0.46055565363559525,0.8262148775517023,0.01245995016019936
20261009,arm,isotonic_0.5,1,0.5,2809,88,0.722437907996736,0.29545454545454547,0.6477272727272727,0.5374684869659145,0.4353329597755269,0.698702849888076,0.009255962976148096
20261009,arm,raw_0.5,1,0.5,2809,88,0.6790145862741144,0.22727272727272727,0.6136363636363636,0.47088371978434196,0.46055565363559525,0.8262148775517023,0.00711997152011392
20261009,mips,source_mean_opt,1,0.14,1586,42,0.9428221212776696,0.9523809523809523,0.9735998026153466,0.8877506831050086,0.9532867627445512,0.998627559832223,0.03026481715006305
20261009,mips,source_minimax,1,0.15000000000000002,1586,42,0.9479785849912714,0.9523809523809523,0.9739236368122378,0.8974668575541609,0.9532867627445512,0.998627559832223,0.029634300126103404
20261009,mips,source_arch_median,1,0.14,1586,42,0.9428221212776696,0.9523809523809523,0.9735998026153466,0.8877506831050086,0.9532867627445512,0.998627559832223,0.03026481715006305
20261009,mips,platt_balanced_0.5,1,0.5,1586,42,0.8946369425542617,0.9761904761904762,0.9816185541574143,0.8042325733735274,0.9532867627445512,0.998627559832223,0.038461538461538464
20261009,mips,isotonic_0.5,1,0.5,1586,42,0.9479785849912714,0.9523809523809523,0.9739236368122378,0.8974668575541609,0.8469749845636371,0.9973013816925734,0.029634300126103404
20261009,mips,raw_0.5,1,0.5,1586,42,0.9156199994270443,0.7857142857142857,0.891561806069578,0.8330135023537372,0.9532867627445512,0.998627559832223,0.023329129886506934
20261009,mipsel,source_mean_opt,1,0.16,1522,39,0.9467540494210115,1.0,0.9969656102494943,0.8986484944934967,0.9186878589174637,0.998037588394972,0.03153745072273324
20261009,mipsel,source_minimax,1,0.060000000000000005,1522,39,0.894564750543802,1.0,0.9932569116655428,0.8075285492136636,0.9186878589174637,0.998037588394972,0.03876478318002628
20261009,mipsel,source_arch_median,1,0.16,1522,39,0.9467540494210115,1.0,0.9969656102494943,0.8986484944934967,0.9186878589174637,0.998037588394972,0.03153745072273324
20261009,mipsel,platt_balanced_0.5,1,0.5,1522,39,0.9215417697655237,1.0,0.99527983816588,0.853757813046806,0.9186878589174637,0.998037588394972,0.03482260183968462
20261009,mipsel,isotonic_0.5,1,0.5,1522,39,0.9467540494210115,1.0,0.9969656102494943,0.8986484944934967,0.8086129296235679,0.9968878053840966,0.03153745072273324
20261009,mipsel,raw_0.5,1,0.5,1522,39,0.9194915426650879,0.8974358974358975,0.945683558967443,0.8406126726174046,0.9186878589174637,0.998037588394972,0.02890932982917214
20261009,x86,source_mean_opt,1,0.18000000000000002,1670,50,0.9175308641975308,0.84,0.9175308641975308,0.8350617283950618,0.931063901371092,0.9980185185185184,0.029940119760479042
20261009,x86,source_minimax,1,0.18000000000000002,1670,50,0.9175308641975308,0.84,0.9175308641975308,0.8350617283950618,0.931063901371092,0.9980185185185184,0.029940119760479042
20261009,x86,source_arch_median,1,0.2,1670,50,0.9219283236561855,0.84,0.9178395061728395,0.8439028570877225,0.931063901371092,0.9980185185185184,0.029341317365269463
20261009,x86,platt_balanced_0.5,1,0.5,1670,50,0.9209355174699365,1.0,0.9944444444444445,0.8527157691790014,0.931063901371092,0.9980185185185184,0.0407185628742515
20261009,x86,isotonic_0.5,1,0.5,1670,50,0.9219283236561855,0.84,0.9178395061728395,0.8439028570877225,0.8215873015873015,0.9922345679012347,0.029341317365269463
20261009,x86,raw_0.5,1,0.5,1670,50,0.781127129750983,0.4,0.7,0.6266795614405122,0.931063901371092,0.9980185185185184,0.011976047904191617
20261010,arm,source_mean_opt,1,0.16,2809,88,0.7359267476403565,0.3181818181818182,0.6590909090909091,0.5579579321378096,0.47506317048089747,0.8314519227556714,0.009967960128159488
20261010,arm,source_minimax,1,0.16,2809,88,0.7359267476403565,0.3181818181818182,0.6590909090909091,0.5579579321378096,0.47506317048089747,0.8314519227556714,0.009967960128159488
20261010,arm,source_arch_median,1,0.26,2809,88,0.7013056273996895,0.26136363636363635,0.6306818181818181,0.5052383367645722,0.47506317048089747,0.8314519227556714,0.008187967248131008
20261010,arm,platt_balanced_0.5,1,0.5,2809,88,0.7797302795593926,0.3977272727272727,0.6988636363636364,0.6246025150150495,0.47506317048089747,0.8314519227556714,0.01245995016019936
20261010,arm,isotonic_0.5,1,0.5,2809,88,0.7359267476403565,0.3181818181818182,0.6590909090909091,0.5579579321378096,0.4363871526727332,0.6954056830710634,0.009967960128159488
20261010,arm,raw_0.5,1,0.5,2809,88,0.6790145862741144,0.22727272727272727,0.6136363636363636,0.47088371978434196,0.47506317048089747,0.8314519227556714,0.00711997152011392
20261010,mips,source_mean_opt,1,0.14,1586,42,0.9479785849912714,0.9523809523809523,0.9739236368122378,0.8974668575541609,0.9541083593407036,0.9986661115223292,0.029634300126103404
20261010,mips,source_minimax,1,0.14,1586,42,0.9479785849912714,0.9523809523809523,0.9739236368122378,0.8974668575541609,0.9541083593407036,0.9986661115223292,0.029634300126103404
20261010,mips,source_arch_median,1,0.14,1586,42,0.9479785849912714,0.9523809523809523,0.9739236368122378,0.8974668575541609,0.9541083593407036,0.9986661115223292,0.029634300126103404
20261010,mips,platt_balanced_0.5,1,0.5,1586,42,0.890645371577575,0.9761904761904762,0.9812947199605231,0.7974455848963671,0.9541083593407036,0.9986661115223292,0.03909205548549811
20261010,mips,isotonic_0.5,1,0.5,1586,42,0.9532484376842354,0.9523809523809523,0.974247471009129,0.9074945723461098,0.8395580698829052,0.9969467061435973,0.029003783102143757
20261010,mips,raw_0.5,1,0.5,1586,42,0.9248875207198675,0.8333333333333334,0.9150474956822108,0.8500438823725728,0.9541083593407036,0.9986661115223292,0.025220680958385876
20261010,mipsel,source_mean_opt,1,0.12,1522,39,0.9414903432156476,1.0,0.9966284558327714,0.8891295853186426,0.9237636062958632,0.9981153932603697,0.032194480946123524
20261010,mipsel,source_minimax,1,0.06999999999999999,1522,39,0.9121817526144969,1.0,0.9946055293324343,0.8375204886278618,0.9237636062958632,0.9981153932603697,0.03613666228646518
20261010,mipsel,source_arch_median,1,0.15000000000000002,1522,39,0.9467540494210115,1.0,0.9969656102494943,0.8986484944934967,0.9237636062958632,0.9981153932603697,0.03153745072273324
20261010,mipsel,platt_balanced_0.5,1,0.5,1522,39,0.9121817526144969,1.0,0.9946055293324343,0.8375204886278618,0.9237636062958632,0.9981153932603697,0.03613666228646518
20261010,mipsel,isotonic_0.5,1,0.5,1522,39,0.9467540494210115,1.0,0.9969656102494943,0.8986484944934967,0.8086129296235679,0.9968878053840967,0.03153745072273324
20261010,mipsel,raw_0.5,1,0.5,1522,39,0.9455380394807467,0.9743589743589743,0.9844822518457044,0.8943111638663481,0.9237636062958632,0.9981153932603697,0.030223390275952694
20261010,x86,source_mean_opt,1,0.19,1670,50,0.9292107207305406,0.88,0.9375308641975308,0.8585987838312411,0.9220957303806168,0.9976728395061727,0.031137724550898204
20261010,x86,source_minimax,1,0.18000000000000002,1670,50,0.924867505871132,0.88,0.9372222222222222,0.8501230420301453,0.9220957303806168,0.9976728395061727,0.03173652694610778
20261010,x86,source_arch_median,1,0.18000000000000002,1670,50,0.924867505871132,0.88,0.9372222222222222,0.8501230420301453,0.9220957303806168,0.9976728395061727,0.03173652694610778
20261010,x86,platt_balanced_0.5,1,0.5,1670,50,0.9064177933550011,1.0,0.9932098765432098,0.8276555548180202,0.9220957303806168,0.9976728395061727,0.04311377245508982
20261010,x86,isotonic_0.5,1,0.5,1670,50,0.9292107207305406,0.88,0.9375308641975308,0.8585987838312411,0.8595285452332461,0.9953024691358024,0.031137724550898204
20261010,x86,raw_0.5,1,0.5,1670,50,0.781127129750983,0.4,0.7,0.6266795614405122,0.9220957303806168,0.9976728395061727,0.011976047904191617
