strategy,held_out_arch,macro_f1_mean,macro_f1_sd,macro_f1_min,macro_f1_max,recall_mean,recall_sd,balanced_accuracy_mean,mcc_mean,pr_auc_mean,roc_auc_mean,threshold_mean,threshold_sd
isotonic_0.5,arm,0.7327716400678248,0.02454145381823924,0.7013056273996895,0.7831756781358092,0.3159090909090909,0.04410886856972617,0.657862667468511,0.5501011303487174,0.44793040137224976,0.8248755470916441,0.5,0.0
isotonic_0.5,mips,0.9511404966070497,0.0027213402289087835,0.9479785849912714,0.9532484376842354,0.9523809523809523,0.0,0.9741179373303724,0.9034834864293302,0.8465834672834941,0.996154083395016,0.5,0.0
isotonic_0.5,mipsel,0.9467540494210114,0.0,0.9467540494210115,0.9467540494210115,1.0,0.0,0.9969656102494943,0.8986484944934967,0.8090016366612112,0.9968955858706364,0.5,0.0
isotonic_0.5,x86,0.8886031904076697,0.04382171130105447,0.8249645252837978,0.9305291432918132,0.732,0.17054162085674113,0.8642407407407408,0.7887662754673838,0.830286894333646,0.9937358024691358,0.5,0.0
platt_balanced_0.5,arm,0.7518853881818146,0.02764435359346352,0.7155168672084107,0.785590145261106,0.3534090909090909,0.050664206298099104,0.6764472870936487,0.5743868468849401,0.49025004859575905,0.8686207443787378,0.5,0.0
platt_balanced_0.5,mips,0.9016937831801475,0.022282335995508076,0.847885448636938,0.9294665001796008,0.9738095238095237,0.007529232524210496,0.9809462126819639,0.816588284998703,0.9508616093039602,0.9985442881815938,0.5,0.0
platt_balanced_0.5,mipsel,0.9136371970792952,0.02544977095508591,0.8457257120741608,0.936340995075952,1.0,0.0,0.9946055293324342,0.84068310965325,0.9161798576238649,0.9979788024966718,0.5,0.0
platt_balanced_0.5,x86,0.9042055607407725,0.017951659010029476,0.8563850491993229,0.9209355174699365,0.994,0.018973665961010286,0.9900864197530863,0.8234259601537609,0.9222342325419494,0.997666049382716,0.5,0.0
raw_0.5,arm,0.5679503997259847,0.09568860409927363,0.4920433996383363,0.6865795920270583,0.09204545454545454,0.11655962228135787,0.5460227272727273,0.19881805846097084,0.49025004859575905,0.8686207443787378,0.5,0.0
raw_0.5,mips,0.9253685810898924,0.011034163729803995,0.9102360931435964,0.9468171910803107,0.8214285714285715,0.04524505655155312,0.9093541820873428,0.8519381832108834,0.9508616093039602,0.9985442881815938,0.5,0.0
raw_0.5,mipsel,0.9382273827003518,0.007950760812226445,0.9194915426650879,0.9455380394807467,0.9589743589743589,0.02477158418152038,0.9765876515033629,0.8796851057189519,0.9161798576238649,0.9979788024966718,0.5,0.0
raw_0.5,x86,0.781127129750983,0.0,0.781127129750983,0.781127129750983,0.4,0.0,0.7,0.6266795614405122,0.9222342325419494,0.997666049382716,0.5,0.0
source_arch_median,arm,0.7012412810888955,0.007625998854500795,0.6865795920270583,0.7155168672084107,0.26136363636363635,0.011978324470334763,0.6306818181818181,0.5051207079883216,0.49025004859575905,0.8686207443787378,0.254,0.01577621275493232
source_arch_median,mips,0.9485395869543766,0.00456685536939998,0.9428221212776696,0.9532484376842354,0.9523809523809523,0.0,0.973956020231927,0.8985630911361948,0.9508616093039602,0.9985442881815938,0.163,0.044234225060089685
source_arch_median,mipsel,0.9457127439865056,0.003292896912950083,0.936340995075952,0.9467540494210115,1.0,0.0,0.9968981793661497,0.8967731006742984,0.9161798576238649,0.9979788024966718,0.169,0.03381321240777536
source_arch_median,x86,0.8810844357254164,0.04494474590192742,0.8158652373660031,0.9336367721366148,0.706,0.1613966817778138,0.8513024691358024,0.7734714447642873,0.9222342325419494,0.997666049382716,0.20600000000000002,0.06275171533733383
source_mean_opt,arm,0.7380000529508373,0.02368700402377227,0.7143389830508474,0.778456371700578,0.32727272727272727,0.04507416600195004,0.6634342320670876,0.5547313448760598,0.49025004859575905,0.8686207443787378,0.165,0.012692955176439842
source_mean_opt,mips,0.9480126016850801,0.004256626532714985,0.9428221212776696,0.9532484376842354,0.9523809523809523,0.0,0.9739236368122379,0.8975603196569999,0.9508616093039602,0.9985442881815938,0.16,0.04109609335312651
source_mean_opt,mipsel,0.9446600027454327,0.003651401436144632,0.936340995075952,0.9467540494210115,1.0,0.0,0.9968307484828051,0.8948693188393275,0.9161798576238649,0.9979788024966718,0.142,0.03457680661303985
source_mean_opt,x86,0.8980211440849987,0.04164610099919104,0.8162209750192584,0.9305291432918132,0.778,0.15476146520084097,0.8867777777777777,0.8026086547245395,0.9222342325419494,0.997666049382716,0.19,0.05773502691896258
source_minimax,arm,0.7499098435558732,0.027927248230837264,0.7143389830508474,0.7831756781358092,0.35,0.0521573166001773,0.6747427416391033,0.5712676392856681,0.49025004859575905,0.8686207443787378,0.154,0.013498971154211066
source_minimax,mips,0.9490438944278005,0.0033091509198103146,0.9428221212776696,0.9532484376842354,0.9523809523809523,0.0,0.9739884036516161,0.8995035545468303,0.9508616093039602,0.9985442881815938,0.167,0.052925524193068806
source_minimax,mipsel,0.9365102137975967,0.018274886364706987,0.894564750543802,0.9467540494210115,1.0,0.0,0.9962575859743762,0.880596414642266,0.9161798576238649,0.9979788024966718,0.127,0.046678569910494155
source_minimax,x86,0.8975868225990578,0.041305946107075615,0.8162209750192584,0.9305291432918132,0.778,0.15476146520084097,0.8867469135802469,0.80176108054443,0.9222342325419494,0.997666049382716,0.189,0.057821564604681304
