MalwareFamily,metric,n_majority_wrong,n_majority_correct,wrong_median,correct_median,cliffs_delta_wrong_vs_correct,mannwhitney_p,spearman_error_rate,spearman_p,mannwhitney_q,spearman_q
DarkNexus,strace_rows,62,26,22.0,330.0,-0.6339950372208436,2.5341009431654083e-07,-0.7990656304040613,1.0627899885126054e-20,1.2670504715827042e-06,5.313949942563027e-20
DarkNexus,syscall_nonzero,62,26,8.0,23.0,-0.6060794044665012,8.182203292726292e-07,-0.7629955410564011,5.6333197907630506e-18,2.045550823181573e-06,1.4083299476907628e-17
DarkNexus,syscall_max_share,62,26,0.4632768361581921,0.8218298555377207,-0.49007444168734493,6.783203098257638e-05,-0.6532604352624867,5.2573117244650675e-12,8.479003872822048e-05,6.571639655581334e-12
DarkNexus,syscall_entropy,62,26,1.5412530689079782,0.9853736845375649,0.5483870967741935,8.258021961990123e-06,0.6901076729560695,1.027125834969349e-13,1.3763369936650205e-05,1.7118763916155814e-13
DarkNexus,sar_span_seconds,62,26,118.0,118.0,0.09925558312655092,0.40394972764633275,0.05795937226358279,0.5916929938518347,0.40394972764633275,0.5916929938518347
Mirai,strace_rows,0,2721,,34.0,,,0.05121261205489414,0.007541416199998976,,0.012569026999998295
Mirai,syscall_nonzero,0,2721,,14.0,,,0.0568632807403339,0.0030051661942017164,,0.0075129154855042915
Mirai,syscall_max_share,0,2721,,0.4,,,0.04406726427596382,0.02151912775057978,,0.026898909688224726
Mirai,syscall_entropy,0,2721,,1.4177257724980339,,,-0.05907945724668708,0.0020489009836627704,,0.0075129154855042915
Mirai,sar_span_seconds,0,2721,,118.0,,,-0.017955764268566383,0.349131448653047,,0.349131448653047
