feature_set,model,mean_macro_f1,min_macro_f1,mean_darknexus_recall,mean_balanced_accuracy,mean_mcc,mean_pr_auc,mean_roc_auc
strace,random_forest,0.8646027888313529,0.7143389830508474,0.7069588744588744,0.851735094438305,0.7538459366516633,0.8124205270989528,0.9530636579183115
fusion_minus_sar,random_forest,0.8511258712353147,0.7084738726583987,0.6762770562770563,0.8364969827702422,0.738060089455492,0.7812033124554704,0.9444895253894986
fusion_minus_pcap,random_forest,0.8421211503562025,0.7067464862672107,0.6729112554112554,0.834263736964135,0.7155577874150584,0.7269523525627798,0.9211105824017477
fusion_all,random_forest,0.8402637040233231,0.6940087145969499,0.6715476190476191,0.8337098851337446,0.7236135316040467,0.7263156344472885,0.9551649782049475
fusion_minus_sar,logistic,0.6799255269802261,0.5577815696192246,0.41393273393273394,0.6933608587717013,0.3901136548861007,0.30355093521938187,0.8767219378766833
fusion_minus_strace,random_forest,0.6621395961827643,0.4920433996383363,0.43772893772893773,0.7138704236578264,0.3427939270644427,0.41744867241468675,0.6868745092815326
sar,random_forest,0.6613067259652614,0.4920433996383363,0.45054945054945056,0.7200711049699936,0.342770259152582,0.42883952245452794,0.6940860870372985
strace,logistic,0.6383064490882152,0.4919379373288713,0.3291708291708292,0.6542664061794514,0.2818167724099427,0.32042712787925615,0.8721043139552418
fusion_minus_pcap,logistic,0.5803845800233994,0.38217720759404533,0.45685564435564435,0.6617313605398821,0.24509956114388531,0.35133334004549044,0.8704149796049883
pcap,random_forest,0.5213075736597099,0.4935108153078203,0.08047077922077922,0.527063319377383,0.047676219128757615,0.05989252493993763,0.5453530049746657
fusion_all,logistic,0.5009455108240234,0.36052666258145716,0.5860701798201797,0.6887051308668557,0.15819026874946238,0.34017105684850446,0.8682455108479461
pcap,logistic,0.48646683691769205,0.46181469009786386,0.07988636363636363,0.5031328422386668,-0.0001866042406274966,0.03585146802644868,0.546015740071314
fusion_minus_strace,logistic,0.48556572443931917,0.4660102991575672,0.17857142857142858,0.5509531405634601,0.032364672150732604,0.07826543544037083,0.6656647575255074
sar,logistic,0.47059150444049686,0.4062687887828839,0.23214285714285715,0.5592841036817721,0.03506002878975403,0.10629091715613603,0.6792912145327417
