feature_set,model,n,n_darknexus,n_mirai,threshold,macro_f1,darknexus_recall,balanced_accuracy,mcc,pr_auc_darknexus,roc_auc,macro_f1_ci_low,macro_f1_ci_high,darknexus_recall_ci_low,darknexus_recall_ci_high,balanced_accuracy_ci_low,balanced_accuracy_ci_high,mcc_ci_low,mcc_ci_high,pr_auc_darknexus_ci_low,pr_auc_darknexus_ci_high,roc_auc_ci_low,roc_auc_ci_high
strace,random_forest,1508,39,1469,0.12,0.9467395015363606,1.0,0.9969366916269571,0.8986223477600618,0.9184181908570059,0.9979665217922535,0.9167889817134407,0.9809704082276485,1.0,1.0,0.9948944860449285,0.9989788972089857,0.8454866001030329,0.9626396495141303,0.8449957619530549,0.9759874035114424,0.9962105740866802,0.9994157022918084
fusion_minus_sar,random_forest,1508,39,1469,0.13999999999999999,0.9467395015363606,1.0,0.9969366916269571,0.8986223477600618,0.9131479214221537,0.9977919743066102,0.9167889817134407,0.9809704082276485,1.0,1.0,0.9948944860449285,0.9989788972089857,0.8454866001030329,0.9626396495141303,0.8467400492417742,0.9683284704103707,0.9959018432214484,0.9992453003089491
fusion_all,random_forest,1508,39,1469,0.24,0.9312827523353839,1.0,0.9959155888359428,0.8708955941252292,0.9098919285441588,0.9976959731895062,0.8988073164443409,0.9632625219255506,1.0,1.0,0.9935330156569094,0.9979577944179714,0.8146881698903526,0.9290462010351354,0.8381367083369738,0.9690579979264682,0.9958505698975406,0.9992237000576006
fusion_minus_pcap,random_forest,1508,39,1469,0.22999999999999998,0.9263492063492063,1.0,0.995575221238938,0.8621849174384848,0.9181433431319381,0.9978705206751497,0.8945321788756626,0.9632625219255506,1.0,1.0,0.9931926480599047,0.9979577944179714,0.8074759433754317,0.9290462010351354,0.8544109764110737,0.9713376005773149,0.9961224276064303,0.9992843553088617
sar,random_forest,1508,39,1469,0.13,0.8273216534982251,0.8974358974358975,0.938166553210801,0.6799200096238195,0.8066824112527632,0.9914384458291878,0.7848275862068965,0.8734386146507952,0.7948717948717948,0.9743589743589743,0.8851656455638757,0.978670297254368,0.6033947606661578,0.7633971637342085,0.6987752641797726,0.9009954953791603,0.9857423068195703,0.9964612679129358
strace,logistic,1508,39,1469,0.9099999999999999,0.794550408719346,0.6153846153846154,0.8019060585432267,0.5893021698078255,0.41430887854902626,0.9635370302490793,0.7318574393869989,0.8637110917797061,0.46153846153846156,0.7948717948717948,0.7256637168141593,0.8901605400499205,0.46381933260674085,0.7287805396067377,0.3195127584559174,0.5761032065794304,0.941507392086017,0.9821241556265382
fusion_minus_sar,logistic,1508,39,1469,0.9099999999999999,0.7906744905041327,0.6153846153846154,0.8015656909462219,0.5817863093243653,0.3987089331377693,0.9683370861042746,0.7272425179296276,0.8595380029806259,0.46153846153846156,0.7948717948717948,0.7256637168141593,0.8901605400499205,0.4548351959277769,0.7222750361422042,0.30889850888422843,0.5668855913277001,0.9509626293833238,0.9824339774135554
fusion_minus_pcap,logistic,1508,39,1469,0.95,0.7865715579710145,0.5384615384615384,0.765146358066712,0.5753152461360292,0.5921522998336527,0.9882180447190658,0.7186116642325381,0.8545264169951011,0.38461538461538464,0.6923076923076923,0.6882232811436352,0.8417290673927842,0.4465900813258095,0.7104606308146131,0.4763546520637281,0.7662625139724314,0.9814818208793702,0.9934156324728142
fusion_minus_strace,random_forest,1508,39,1469,0.13,0.7839403241687726,0.8461538461538461,0.9091218515997277,0.601222794325595,0.7562401304478042,0.985259464837409,0.7393198522858537,0.8307005494505495,0.717948717948718,0.9487179487179487,0.8409178579532562,0.960403902881779,0.5082905595310068,0.6902710417482736,0.6402434991671287,0.8615681512677916,0.9723905150896301,0.9939861845665113
fusion_all,logistic,1508,39,1469,0.4599999999999999,0.6276429703694671,0.9487179487179487,0.9199001588382119,0.39553487048596025,0.5705600190949321,0.9802935888708524,0.6060579070170755,0.6519316191061332,0.8717948717948718,1.0,0.8796857272520989,0.9498042886317222,0.3524686043081555,0.43643544749199503,0.45434127737611685,0.7567952489659616,0.967439039290639,0.99073240124976
pcap,random_forest,1508,39,1469,0.27999999999999997,0.49344978165938863,0.0,0.5,0.0,0.05571277254568824,0.5903632333176241,0.49344978165938863,0.49344978165938863,0.0,0.0,0.5,0.5,0.0,0.0,0.031508281019581696,0.139174158942505,0.4982468886910684,0.6740018065664763
sar,logistic,1508,39,1469,0.95,0.49344978165938863,0.0,0.5,0.0,0.13974318601210398,0.8373217433802866,0.49344978165938863,0.49344978165938863,0.0,0.0,0.5,0.5,0.0,0.0,0.09305390753217353,0.23711435659486169,0.780826395070779,0.8917207763872161
fusion_minus_strace,logistic,1508,39,1469,0.95,0.49344978165938863,0.0,0.5,0.0,0.11880718191523625,0.8380373880714248,0.49344978165938863,0.49344978165938863,0.0,0.0,0.5,0.5,0.0,0.0,0.0832424411954652,0.20811067211162282,0.7876219650555933,0.8842200345604022
pcap,logistic,1508,39,1469,0.82,0.4929388029589778,0.0,0.4989788972089857,-0.007274678136712818,0.04416942251598739,0.6567174599849889,0.4922558922558923,0.49344978165938863,0.0,0.0,0.49761742682096666,0.5,-0.011127051022924118,0.0,0.033888792999502315,0.07836579624428244,0.5816297498734531,0.7367959190797856
