Hash,MalwareFamily,n_rows,raw_matrix_sha256,first_sum,max_sum,last_sum
0082853c4089474ed3243efedb2c6e1cc933956e8d40b41fa9e66dc902845c2d,Mirai,22,183b358cd54577fab4c6417494fadeaae01d7c8d9117d0d95968b8178fc7b207,1.0,20.0,20.0
0724beb7bd89312cb18674a916333cc56dab5e4806a60b7a8e9984d95b52f97a,Mirai,22,183b358cd54577fab4c6417494fadeaae01d7c8d9117d0d95968b8178fc7b207,1.0,20.0,20.0
0b865f5ae480fe31058cb993b9ff2201410554ce504424e17d1358986d6e8526,DarkNexus,22,183b358cd54577fab4c6417494fadeaae01d7c8d9117d0d95968b8178fc7b207,1.0,20.0,20.0
148aa65d2945d446e30cbfc03de70647589f62d0b46d54c155583df975e23330,Mirai,22,183b358cd54577fab4c6417494fadeaae01d7c8d9117d0d95968b8178fc7b207,1.0,20.0,20.0
199dd41fc405f18b51505b77ed23c25c221028072e0d1fdfd14ca8bb35a62940,DarkNexus,22,183b358cd54577fab4c6417494fadeaae01d7c8d9117d0d95968b8178fc7b207,1.0,20.0,20.0
269626d27c46b3c1c18257539b1f58874eac508b39e2fd63911067df5e59cbab,DarkNexus,22,183b358cd54577fab4c6417494fadeaae01d7c8d9117d0d95968b8178fc7b207,1.0,20.0,20.0
284e29124f71528d38c61eaed24836cdf93b9d796558a7b7951b53f161bc3979,DarkNexus,22,183b358cd54577fab4c6417494fadeaae01d7c8d9117d0d95968b8178fc7b207,1.0,20.0,20.0
2a6c1e221eeeb134846b70aa147651e7125b3c6eeabb105d3b2555eae42e2c87,Mirai,22,183b358cd54577fab4c6417494fadeaae01d7c8d9117d0d95968b8178fc7b207,1.0,20.0,20.0
2ec57a2b5e60f4379fcfbaed74b0ded83ae0944432cfeb13bd263bf2a491afbb,DarkNexus,22,183b358cd54577fab4c6417494fadeaae01d7c8d9117d0d95968b8178fc7b207,1.0,20.0,20.0
34f2845292481c88416b3cf5c2b949ac59c703da926f066b4f9c312b92b80281,DarkNexus,22,183b358cd54577fab4c6417494fadeaae01d7c8d9117d0d95968b8178fc7b207,1.0,20.0,20.0
3bac860c5d0015787044eda4029c3e7c521cc0c01bbdaa1ee6cc7ecd2c7bac4f,Mirai,22,183b358cd54577fab4c6417494fadeaae01d7c8d9117d0d95968b8178fc7b207,1.0,20.0,20.0
3fd1594822f9844239b9184e837188e7822ba010472e0888ee7128fb706af4b0,DarkNexus,22,183b358cd54577fab4c6417494fadeaae01d7c8d9117d0d95968b8178fc7b207,1.0,20.0,20.0
4104d39f014534002d3504607eb612a910d09f055cbe30f27163f5e884a7bd89,DarkNexus,22,183b358cd54577fab4c6417494fadeaae01d7c8d9117d0d95968b8178fc7b207,1.0,20.0,20.0
41c619187f70a094fde1b25350c2f10e1775cc7a2a862a539f3d16d05f7f1616,Mirai,22,183b358cd54577fab4c6417494fadeaae01d7c8d9117d0d95968b8178fc7b207,1.0,20.0,20.0
458d4361fc77df7434a5232c67998de4fcadb08da00e3784c0cb2517e218d836,DarkNexus,22,183b358cd54577fab4c6417494fadeaae01d7c8d9117d0d95968b8178fc7b207,1.0,20.0,20.0
45c8f4405bd961340e0192b2b984ce4ea037b7b53ce0c58d7241604355d09c57,DarkNexus,22,183b358cd54577fab4c6417494fadeaae01d7c8d9117d0d95968b8178fc7b207,1.0,20.0,20.0
47755f40a6627cafa601bef78c7df3125723d6f17c0fce83aadf948ae94a185b,Mirai,22,183b358cd54577fab4c6417494fadeaae01d7c8d9117d0d95968b8178fc7b207,1.0,20.0,20.0
540cba3ad79a126ea6d2a9cc57b7542e56bff1c28cec6140a481abea94c1855c,DarkNexus,22,183b358cd54577fab4c6417494fadeaae01d7c8d9117d0d95968b8178fc7b207,1.0,20.0,20.0
542fc6a70008392a64ee815af5608b405ba1e9aa553472a535ed4a339c5de6b7,DarkNexus,22,183b358cd54577fab4c6417494fadeaae01d7c8d9117d0d95968b8178fc7b207,1.0,20.0,20.0
560d2eefc9919c7b395b0c7fe7c51efa32a2a6bf2c87596cd1ba826f71b51626,DarkNexus,22,183b358cd54577fab4c6417494fadeaae01d7c8d9117d0d95968b8178fc7b207,1.0,20.0,20.0
5d7de7c86046104287850c9312974ad45fde10a46dfecacf2c1331c69cb12f0e,DarkNexus,22,183b358cd54577fab4c6417494fadeaae01d7c8d9117d0d95968b8178fc7b207,1.0,20.0,20.0
611d66611e40b4e805f55f30293852eeddbf6676bad46a8e9d0465cfc54248be,DarkNexus,22,183b358cd54577fab4c6417494fadeaae01d7c8d9117d0d95968b8178fc7b207,1.0,20.0,20.0
63dfca8f79e2a6bdf0fe06625472f48ad08a87be638b607be2387af64cc64210,Mirai,22,183b358cd54577fab4c6417494fadeaae01d7c8d9117d0d95968b8178fc7b207,1.0,20.0,20.0
75fda335f8d9c1b432989e2be16b8d50de6c08dbfadf6d4cad48c34021878296,DarkNexus,22,183b358cd54577fab4c6417494fadeaae01d7c8d9117d0d95968b8178fc7b207,1.0,20.0,20.0
779b90be281153ff6db21b5f67762cbcd0d682cebf19cb3e84e71fcbf015bbd4,DarkNexus,22,183b358cd54577fab4c6417494fadeaae01d7c8d9117d0d95968b8178fc7b207,1.0,20.0,20.0
7ec829e4dc5dc5bd75a21a902f987a7d7474c1bcd8ae1d3547467e483ed39891,DarkNexus,22,183b358cd54577fab4c6417494fadeaae01d7c8d9117d0d95968b8178fc7b207,1.0,20.0,20.0
7f2d36c5a83116c6e624e652c0baa42488e2526bd410bcab30677f4b3fd88829,Mirai,22,183b358cd54577fab4c6417494fadeaae01d7c8d9117d0d95968b8178fc7b207,1.0,20.0,20.0
82997ad4eae28755d84ede6b0dce3ec2064bcada7ac49bfe3c4e175c4a9f8745,DarkNexus,22,183b358cd54577fab4c6417494fadeaae01d7c8d9117d0d95968b8178fc7b207,1.0,20.0,20.0
85c7f0c27d7d10b1e3896c0620a806f70378f0940a9031d5bf4967f6c95db77b,Mirai,22,183b358cd54577fab4c6417494fadeaae01d7c8d9117d0d95968b8178fc7b207,1.0,20.0,20.0
8703da7aff640e01ce1ae56d1ad15452c2b140cd632f9265f6f5ddad52d6931a,DarkNexus,22,183b358cd54577fab4c6417494fadeaae01d7c8d9117d0d95968b8178fc7b207,1.0,20.0,20.0
8cdf00ad85c02e2bd5434585e30c59e5d3904e1ddc22c0f5d6ec95cd3716ebd4,DarkNexus,22,183b358cd54577fab4c6417494fadeaae01d7c8d9117d0d95968b8178fc7b207,1.0,20.0,20.0
8e7621fae5abcb742197a76737d36b1b3ed978c3003168521d50607a5bb37c03,DarkNexus,22,183b358cd54577fab4c6417494fadeaae01d7c8d9117d0d95968b8178fc7b207,1.0,20.0,20.0
8f7dd428518381cd0571283a51e2eedeb712df63a54e9be0de9e336ca6d8fd6f,DarkNexus,22,183b358cd54577fab4c6417494fadeaae01d7c8d9117d0d95968b8178fc7b207,1.0,20.0,20.0
a58c77e248552adb804042459c5882896447474f9c871de74253613b62b65f10,DarkNexus,22,183b358cd54577fab4c6417494fadeaae01d7c8d9117d0d95968b8178fc7b207,1.0,20.0,20.0
a7475e9390d2a5e54552f89c0fccd89b2ca62b97c0f1279db753a33fc6c17153,DarkNexus,22,183b358cd54577fab4c6417494fadeaae01d7c8d9117d0d95968b8178fc7b207,1.0,20.0,20.0
acb4dc2cb8b010b4914d4fc617adc0678089110e779b077d092c846e7f868081,DarkNexus,22,183b358cd54577fab4c6417494fadeaae01d7c8d9117d0d95968b8178fc7b207,1.0,20.0,20.0
affeeada18f632c28fc213bd4eae948473188ecb644cb2000386ab6d649e422b,Mirai,22,183b358cd54577fab4c6417494fadeaae01d7c8d9117d0d95968b8178fc7b207,1.0,20.0,20.0
b010245d80ca68cccc3af0cfe7254939afa6d8481f62d9e1cb40e3b5e2036dd4,DarkNexus,22,183b358cd54577fab4c6417494fadeaae01d7c8d9117d0d95968b8178fc7b207,1.0,20.0,20.0
b32c35b2be1319831330f6987f529591370d2039bc88f74226aa07b9efe98c16,DarkNexus,22,183b358cd54577fab4c6417494fadeaae01d7c8d9117d0d95968b8178fc7b207,1.0,20.0,20.0
b32f35b3570c741fcc0f6913d2bc7efa10fe7cb99260961e18758e0071a72bb8,DarkNexus,22,183b358cd54577fab4c6417494fadeaae01d7c8d9117d0d95968b8178fc7b207,1.0,20.0,20.0
b5c9bb2e426b9a9d2b5358bc655e0d45d56f6b0a07fd43097d4e5ace5b341d60,Mirai,22,183b358cd54577fab4c6417494fadeaae01d7c8d9117d0d95968b8178fc7b207,1.0,20.0,20.0
b8d242ad054eb33c3c38cae7b5fc948c54d5dd4736feb1c82735cd1bc0f5d3cf,DarkNexus,22,183b358cd54577fab4c6417494fadeaae01d7c8d9117d0d95968b8178fc7b207,1.0,20.0,20.0
b8fc1a706b8c2e7e64291259f8934ef458f317faa44789f7571ad4d6a154f71b,DarkNexus,22,183b358cd54577fab4c6417494fadeaae01d7c8d9117d0d95968b8178fc7b207,1.0,20.0,20.0
bec093f5c06f0e942501cb54952b27b6de8e0fb7ca9b576209eb8f72c2b501f4,DarkNexus,22,183b358cd54577fab4c6417494fadeaae01d7c8d9117d0d95968b8178fc7b207,1.0,20.0,20.0
c2e930628fa2f2e2acc72d18776718ab0e37de28ba5a2fe4486dfa4144288f74,DarkNexus,22,183b358cd54577fab4c6417494fadeaae01d7c8d9117d0d95968b8178fc7b207,1.0,20.0,20.0
c3a77ecbfeb1e61f1209f96933ecc3acfbd085358170bc4d7926968e34ca1356,DarkNexus,22,183b358cd54577fab4c6417494fadeaae01d7c8d9117d0d95968b8178fc7b207,1.0,20.0,20.0
c6a991ca9b2653f1cf107f13c2bece17e4c1c43ab079bb7c52c93c57792fdf50,DarkNexus,22,183b358cd54577fab4c6417494fadeaae01d7c8d9117d0d95968b8178fc7b207,1.0,20.0,20.0
c731a8ccbbd2850f85e4171b48b767e79f9cea4927356fbcd422cec8c7e324a6,DarkNexus,22,183b358cd54577fab4c6417494fadeaae01d7c8d9117d0d95968b8178fc7b207,1.0,20.0,20.0
ccb522743975c843639ce11f87a13aa9a687f5782b65368a0828372e74737921,Mirai,22,183b358cd54577fab4c6417494fadeaae01d7c8d9117d0d95968b8178fc7b207,1.0,20.0,20.0
ce1f73ddc1929a6592102428d7c3b7ea831c0da9995a027744c53b214eb9a7f9,DarkNexus,22,183b358cd54577fab4c6417494fadeaae01d7c8d9117d0d95968b8178fc7b207,1.0,20.0,20.0
d16ea208cf3e62cb6ed17f6889f9c4e9479f6908f6ee5c05ef1e9b36fe56cd0c,DarkNexus,22,183b358cd54577fab4c6417494fadeaae01d7c8d9117d0d95968b8178fc7b207,1.0,20.0,20.0
d42ef032e26f6d7ddf3c7a8d76f4e44ac041d2179510802c60238fe46063d0a9,Mirai,22,183b358cd54577fab4c6417494fadeaae01d7c8d9117d0d95968b8178fc7b207,1.0,20.0,20.0
d54338b33eb7b134d90b51ec53d06d33c93e3da007926d0753835f0f2b34cd0b,Mirai,22,183b358cd54577fab4c6417494fadeaae01d7c8d9117d0d95968b8178fc7b207,1.0,20.0,20.0
d6a9e3fb5208b31cfb8dc7ead0f6d1efd1b22e56ede51f851ca32942b1110e26,DarkNexus,22,183b358cd54577fab4c6417494fadeaae01d7c8d9117d0d95968b8178fc7b207,1.0,20.0,20.0
d934fceace8c13eaf2ebf252ad293d0752762cead13f8c911a022feacdd8b44b,DarkNexus,22,183b358cd54577fab4c6417494fadeaae01d7c8d9117d0d95968b8178fc7b207,1.0,20.0,20.0
d9c86183b3d70398deb833cfffa35400ae6b71c28e53721d0eac28d103301ffa,DarkNexus,22,183b358cd54577fab4c6417494fadeaae01d7c8d9117d0d95968b8178fc7b207,1.0,20.0,20.0
deba1e92d258232fc0ede60352538e6b2736ec914106c14dc388c54482445ec9,Mirai,22,183b358cd54577fab4c6417494fadeaae01d7c8d9117d0d95968b8178fc7b207,1.0,20.0,20.0
e1024347be70b2c26985e8c0ba6cd09a37231d459c3475322845cb802abfaa2a,DarkNexus,22,183b358cd54577fab4c6417494fadeaae01d7c8d9117d0d95968b8178fc7b207,1.0,20.0,20.0
e26de3d92ba4422c78801a2a9a1353c5720b6870f5d2cfa8165769b84e49de1f,Mirai,22,183b358cd54577fab4c6417494fadeaae01d7c8d9117d0d95968b8178fc7b207,1.0,20.0,20.0
e675a6384878fc00a9679f98e08a2ddd9b84dc0442cadb5990d274f7202510e7,Mirai,22,183b358cd54577fab4c6417494fadeaae01d7c8d9117d0d95968b8178fc7b207,1.0,20.0,20.0
e87056fe1c0bc69b5b88598a76f532cc7b11ed5927b415e42983b85be3b36a2a,DarkNexus,22,183b358cd54577fab4c6417494fadeaae01d7c8d9117d0d95968b8178fc7b207,1.0,20.0,20.0
e8a791f09292d1c9a1f3db9935c867232350bdd27f6f8d4d0d6e38bf9c2ba212,DarkNexus,22,183b358cd54577fab4c6417494fadeaae01d7c8d9117d0d95968b8178fc7b207,1.0,20.0,20.0
ef5204d99bd8e4c82d6abcb534f697e1586235017710f3a3232793e23eb5967e,DarkNexus,22,183b358cd54577fab4c6417494fadeaae01d7c8d9117d0d95968b8178fc7b207,1.0,20.0,20.0
f06203142b06354cbdd8ea8b286557052b6fa5c9d309fb7ec10a07c460bf71b2,DarkNexus,22,183b358cd54577fab4c6417494fadeaae01d7c8d9117d0d95968b8178fc7b207,1.0,20.0,20.0
f2fe7895b4f1862aaa7261486a2ecd2e997ced53cad4a514c71f1412fa50af29,DarkNexus,22,183b358cd54577fab4c6417494fadeaae01d7c8d9117d0d95968b8178fc7b207,1.0,20.0,20.0
f7f782e174012b1cdfa77de77bda2493b0986e0c2d098ed69c1364d052ac9790,Mirai,22,183b358cd54577fab4c6417494fadeaae01d7c8d9117d0d95968b8178fc7b207,1.0,20.0,20.0
fab43f498f2ddd42ab9b5ce1ad5be16337fbf3a5a9aab7e262c6539a4cc22f70,DarkNexus,22,183b358cd54577fab4c6417494fadeaae01d7c8d9117d0d95968b8178fc7b207,1.0,20.0,20.0
fac0bb41bb1b6ade1e06990236613a1ba485152a1fd84ee5f12d3d199718fdb2,DarkNexus,22,183b358cd54577fab4c6417494fadeaae01d7c8d9117d0d95968b8178fc7b207,1.0,20.0,20.0
fc729554f9f0e889e76634d54246db6f9f075420d36d44fce11474801f085fb3,Mirai,22,183b358cd54577fab4c6417494fadeaae01d7c8d9117d0d95968b8178fc7b207,1.0,20.0,20.0
ff022428eb55dbc672e349ee716efe380923871512811a79060fe3e322056e20,Mirai,22,183b358cd54577fab4c6417494fadeaae01d7c8d9117d0d95968b8178fc7b207,1.0,20.0,20.0
