MalwareFamily,selected_k,silhouette,cluster,n,mean_error_rate,always_wrong,profile_error_permutation_p,worst_error_cluster
DarkNexus,6,0.884625291404742,0,49,1.0,49,0.0001999600079984003,True
DarkNexus,6,0.884625291404742,1,21,0.0,0,0.0001999600079984003,False
DarkNexus,6,0.884625291404742,2,3,0.0,0,0.0001999600079984003,False
DarkNexus,6,0.884625291404742,3,4,0.42500000000000004,1,0.0001999600079984003,False
DarkNexus,6,0.884625291404742,4,10,0.75,1,0.0001999600079984003,False
DarkNexus,6,0.884625291404742,5,1,1.0,1,0.0001999600079984003,False
Mirai,6,0.618802427174424,0,545,0.0,0,0.0013997200559888023,False
Mirai,6,0.618802427174424,1,715,0.0,0,0.0013997200559888023,False
Mirai,6,0.618802427174424,2,554,0.0019855595667870036,0,0.0013997200559888023,True
Mirai,6,0.618802427174424,3,463,0.0,0,0.0013997200559888023,False
Mirai,6,0.618802427174424,4,193,0.0,0,0.0013997200559888023,False
Mirai,6,0.618802427174424,5,251,0.0,0,0.0013997200559888023,False
