MalwareFamily,syscall,worst_cluster,inside_mean,outside_mean,mean_difference,cliffs_delta,p,q,abs_mean_difference
DarkNexus,Call_read,0,0.0,0.7192600610150374,-0.7192600610150374,-0.9230769230769231,6.890775689738616e-17,3.15524992109084e-16,0.7192600610150374
DarkNexus,Call_mmap2,0,0.46327683615819215,0.014317232328516444,0.4489596038296757,1.0,8.196271818154609e-19,7.130756481794509e-18,0.4489596038296757
DarkNexus,Call_mprotect,0,0.1807909604519774,0.0066368401465991475,0.17415412030537825,1.0,8.196271818154609e-19,7.130756481794509e-18,0.17415412030537825
DarkNexus,Call_execve,0,0.11299435028248588,0.0023354597650737624,0.11065889051741211,1.0,8.196271818154609e-19,7.130756481794509e-18,0.11065889051741211
DarkNexus,Call_open,0,0.11299435028248588,0.02728662825699179,0.08570772202549409,0.7948717948717949,1.929575444307365e-12,7.630593802488217e-12,0.08570772202549409
DarkNexus,Call_readlink,0,0.0903954802259887,0.04473758272135907,0.04565789750462963,0.8461538461538463,6.683629871013611e-14,2.7689323751342103e-13,0.04565789750462963
DarkNexus,Call_sendto,0,0.0,0.03448863330024163,-0.03448863330024163,-0.3846153846153846,2.5320226305808573e-06,7.105998995501115e-06,0.03448863330024163
DarkNexus,Call_getppid,0,0.0,0.02076214860268153,-0.02076214860268153,-0.46153846153846156,1.5211891843948575e-07,5.514310793431358e-07,0.02076214860268153
DarkNexus,Call_close,0,0.011299435028248588,0.02926631322665596,-0.017966878198407372,-0.33333333333333337,0.003184455215997169,0.008148458935051579,0.017966878198407372
DarkNexus,Call_brk,0,0.022598870056497175,0.005909634651753864,0.016689235404743312,0.9487179487179487,4.3573984532939687e-17,2.2299627378622075e-16,0.016689235404743312
DarkNexus,Call_fcntl64,0,0.0,0.015431006510440663,-0.015431006510440663,-0.9743589743589743,3.708233140746559e-18,2.3044020231782188e-17,0.015431006510440663
DarkNexus,Call_rt_sigaction,0,0.0,0.01187798761520721,-0.01187798761520721,-1.0,8.196271818154609e-19,7.130756481794509e-18,0.01187798761520721
DarkNexus,Call_socket,0,0.0,0.008448626767064787,-0.008448626767064787,-1.0,8.196271818154609e-19,7.130756481794509e-18,0.008448626767064787
DarkNexus,Call_connect,0,0.0,0.007742138519303743,-0.007742138519303743,-1.0,8.196271818154609e-19,7.130756481794509e-18,0.007742138519303743
DarkNexus,Call_nanosleep,0,0.0,0.0064524781349181,-0.0064524781349181,-0.9743589743589743,3.708233140746559e-18,2.3044020231782188e-17,0.0064524781349181
DarkNexus,Call_ioctl,0,0.0,0.00540679900366464,-0.00540679900366464,-1.0,8.196271818154609e-19,7.130756481794509e-18,0.00540679900366464
DarkNexus,Call__newselect,0,0.0,0.005270240418025917,-0.005270240418025917,-0.9487179487179487,1.624128803451501e-17,8.831200368767536e-17,0.005270240418025917
DarkNexus,Call_lseek,0,0.0,0.004289181365121748,-0.004289181365121748,-0.02564102564102566,0.272195046067946,0.4228744465698447,0.004289181365121748
DarkNexus,Call_munmap,0,0.005649717514124294,0.0018519155699789184,0.0037978019441453756,1.0,8.196271818154609e-19,7.130756481794509e-18,0.0037978019441453756
DarkNexus,Call_exit_group,0,0.0,0.00375851495511096,-0.00375851495511096,-1.0,8.196271818154609e-19,7.130756481794509e-18,0.00375851495511096
DarkNexus,Call_clone,0,0.0,0.00366676534397253,-0.00366676534397253,-1.0,8.196271818154609e-19,7.130756481794509e-18,0.00366676534397253
DarkNexus,Call_chmod,0,0.0,0.002689117214256879,-0.002689117214256879,-0.02564102564102566,0.272195046067946,0.4228744465698447,0.002689117214256879
DarkNexus,Call_wait4,0,0.0,0.002115071908819462,-0.002115071908819462,-0.9487179487179487,1.624128803451501e-17,8.831200368767536e-17,0.002115071908819462
DarkNexus,Call_rt_sigprocmask,0,0.0,0.0019438242866914785,-0.0019438242866914785,-0.10256410256410253,0.023264218282746812,0.05622186084997146,0.0019438242866914785
DarkNexus,Call_getpid,0,0.0,0.001856135253382668,-0.001856135253382668,-0.9743589743589743,3.708233140746559e-18,2.3044020231782188e-17,0.001856135253382668
DarkNexus,Call_getsockname,0,0.0,0.0017391224460831113,-0.0017391224460831113,-0.9230769230769231,6.890775689738616e-17,3.15524992109084e-16,0.0017391224460831113
DarkNexus,Call_setsid,0,0.0,0.0017216919760681736,-0.0017216919760681736,-0.9743589743589743,3.708233140746559e-18,2.3044020231782188e-17,0.0017216919760681736
DarkNexus,Call_chdir,0,0.0,0.0017149037978048893,-0.0017149037978048893,-0.8974358974358975,2.833993173267256e-16,1.2327870303712565e-15,0.0017149037978048893
DarkNexus,Call_getsockopt,0,0.0,0.001319515362426417,-0.001319515362426417,-0.2564102564102564,0.00019383860307678707,0.0005269987021150149,0.001319515362426417
DarkNexus,Call_recvfrom,0,0.0,0.0010381166457590467,-0.0010381166457590467,-0.15384615384615385,0.0048595343283534586,0.01207941390190717,0.0010381166457590467
DarkNexus,Call_fcntl,0,0.0,0.0009483823024003313,-0.0009483823024003313,-0.4358974358974359,3.9586952881229e-07,1.324640346410355e-06,0.0009483823024003313
DarkNexus,Call_prctl,0,0.0,0.0005693732565728293,-0.0005693732565728293,-0.46153846153846156,1.5211891843948575e-07,5.514310793431358e-07,0.0005693732565728293
DarkNexus,Call_writev,0,0.0,0.00046560875003171507,-0.00046560875003171507,-0.05128205128205132,0.11456468842724701,0.24310068032123147,0.00046560875003171507
DarkNexus,Call_set_tid_address,0,0.0,0.00040541003874839694,-0.00040541003874839694,-0.05128205128205132,0.11456468842724701,0.24310068032123147,0.00040541003874839694
DarkNexus,Call_epoll_ctl,0,0.0,0.0002604471878214895,-0.0002604471878214895,-0.02564102564102566,0.272195046067946,0.4228744465698447,0.0002604471878214895
DarkNexus,Call_fork,0,0.0,0.0002604471878214895,-0.0002604471878214895,-0.02564102564102566,0.272195046067946,0.4228744465698447,0.0002604471878214895
DarkNexus,Call_getdents64,0,0.0,0.0002604471878214895,-0.0002604471878214895,-0.02564102564102566,0.272195046067946,0.4228744465698447,0.0002604471878214895
DarkNexus,Call_gettid,0,0.0,0.0002604471878214895,-0.0002604471878214895,-0.02564102564102566,0.272195046067946,0.4228744465698447,0.0002604471878214895
DarkNexus,Call_sigreturn,0,0.0,0.00021486892995272884,-0.00021486892995272884,-0.02564102564102566,0.272195046067946,0.4228744465698447,0.00021486892995272884
DarkNexus,Call_uname,0,0.0,0.0001375932224188261,-0.0001375932224188261,-0.05128205128205132,0.11456468842724701,0.24310068032123147,0.0001375932224188261
DarkNexus,Call_pipe,0,0.0,0.00013513667958279897,-0.00013513667958279897,-0.05128205128205132,0.11456468842724701,0.24310068032123147,0.00013513667958279897
DarkNexus,Call_clock_gettime,0,0.0,0.00013022359391074475,-0.00013022359391074475,-0.02564102564102566,0.272195046067946,0.4228744465698447,0.00013022359391074475
DarkNexus,Call_epoll_create1,0,0.0,0.00013022359391074475,-0.00013022359391074475,-0.02564102564102566,0.272195046067946,0.4228744465698447,0.00013022359391074475
DarkNexus,Call_poll,0,0.0,0.00013022359391074475,-0.00013022359391074475,-0.02564102564102566,0.272195046067946,0.4228744465698447,0.00013022359391074475
DarkNexus,Call_unlink,0,0.0,0.00013022359391074475,-0.00013022359391074475,-0.02564102564102566,0.272195046067946,0.4228744465698447,0.00013022359391074475
DarkNexus,Call_write,0,0.0,5.372030572739281e-05,-5.372030572739281e-05,-0.4358974358974359,3.9586952881229e-07,1.324640346410355e-06,5.372030572739281e-05
DarkNexus,Call_times,0,0.0,4.343104869421278e-05,-4.343104869421278e-05,-0.41025641025641024,1.010542479717847e-06,2.930573191181756e-06,4.343104869421278e-05
DarkNexus,Call_kill,0,0.0,3.5306575219041036e-05,-3.5306575219041036e-05,-0.23076923076923073,0.00044122385582990475,0.0011632265290061124,3.5306575219041036e-05
DarkNexus,Call_setsockopt,0,0.0,2.7368593382553518e-05,-2.7368593382553518e-05,-0.41025641025641024,1.010542479717847e-06,2.930573191181756e-06,2.7368593382553518e-05
DarkNexus,Call_bind,0,0.0,2.1886658648476536e-05,-2.1886658648476536e-05,-0.41025641025641024,1.010542479717847e-06,2.930573191181756e-06,2.1886658648476536e-05
DarkNexus,Call_listen,0,0.0,2.1886658648476536e-05,-2.1886658648476536e-05,-0.41025641025641024,1.010542479717847e-06,2.930573191181756e-06,2.1886658648476536e-05
DarkNexus,Call_recv,0,0.0,1.0285501718573388e-05,-1.0285501718573388e-05,-0.05128205128205132,0.11456468842724701,0.24310068032123147,1.0285501718573388e-05
DarkNexus,Call_dup2,0,0.0,9.826171344108468e-06,-9.826171344108468e-06,-0.02564102564102566,0.272195046067946,0.4228744465698447,9.826171344108468e-06
DarkNexus,Call_rename,0,0.0,1.1816903229252413e-06,-1.1816903229252413e-06,-0.02564102564102566,0.272195046067946,0.4228744465698447,1.1816903229252413e-06
DarkNexus,Call_send,0,0.0,1.1816903229252413e-06,-1.1816903229252413e-06,-0.02564102564102566,0.272195046067946,0.4228744465698447,1.1816903229252413e-06
DarkNexus,Call_symlink,0,0.0,1.1816903229252413e-06,-1.1816903229252413e-06,-0.02564102564102566,0.272195046067946,0.4228744465698447,1.1816903229252413e-06
DarkNexus,Call__llseek,0,0.0,0.0,0.0,0.0,1.0,1.0,0.0
DarkNexus,Call_accept,0,0.0,0.0,0.0,0.0,1.0,1.0,0.0
DarkNexus,Call_access,0,0.0,0.0,0.0,0.0,1.0,1.0,0.0
DarkNexus,Call_epoll_pwait,0,0.0,0.0,0.0,0.0,1.0,1.0,0.0
DarkNexus,Call_exit,0,0.0,0.0,0.0,0.0,1.0,1.0,0.0
DarkNexus,Call_flock,0,0.0,0.0,0.0,0.0,1.0,1.0,0.0
DarkNexus,Call_fstat,0,0.0,0.0,0.0,0.0,1.0,1.0,0.0
DarkNexus,Call_fsync,0,0.0,0.0,0.0,0.0,1.0,1.0,0.0
DarkNexus,Call_futex,0,0.0,0.0,0.0,0.0,1.0,1.0,0.0
DarkNexus,Call_getcwd,0,0.0,0.0,0.0,0.0,1.0,1.0,0.0
DarkNexus,Call_getrusage,0,0.0,0.0,0.0,0.0,1.0,1.0,0.0
DarkNexus,Call_inotify_add_watch,0,0.0,0.0,0.0,0.0,1.0,1.0,0.0
DarkNexus,Call_inotify_init,0,0.0,0.0,0.0,0.0,1.0,1.0,0.0
DarkNexus,Call_mkdir,0,0.0,0.0,0.0,0.0,1.0,1.0,0.0
DarkNexus,Call_pipe2,0,0.0,0.0,0.0,0.0,1.0,1.0,0.0
DarkNexus,Call_ptrace,0,0.0,0.0,0.0,0.0,1.0,1.0,0.0
DarkNexus,Call_readv,0,0.0,0.0,0.0,0.0,1.0,1.0,0.0
DarkNexus,Call_recvmsg,0,0.0,0.0,0.0,0.0,1.0,1.0,0.0
DarkNexus,Call_rmdir,0,0.0,0.0,0.0,0.0,1.0,1.0,0.0
DarkNexus,Call_rt_sigreturn,0,0.0,0.0,0.0,0.0,1.0,1.0,0.0
DarkNexus,Call_sched_yield,0,0.0,0.0,0.0,0.0,1.0,1.0,0.0
DarkNexus,Call_sendfile64,0,0.0,0.0,0.0,0.0,1.0,1.0,0.0
DarkNexus,Call_sendmsg,0,0.0,0.0,0.0,0.0,1.0,1.0,0.0
DarkNexus,Call_setitimer,0,0.0,0.0,0.0,0.0,1.0,1.0,0.0
DarkNexus,Call_setpgid,0,0.0,0.0,0.0,0.0,1.0,1.0,0.0
DarkNexus,Call_setrlimit,0,0.0,0.0,0.0,0.0,1.0,1.0,0.0
DarkNexus,Call_statfs64,0,0.0,0.0,0.0,0.0,1.0,1.0,0.0
DarkNexus,Call_sync,0,0.0,0.0,0.0,0.0,1.0,1.0,0.0
DarkNexus,Call_sysinfo,0,0.0,0.0,0.0,0.0,1.0,1.0,0.0
DarkNexus,Call_umask,0,0.0,0.0,0.0,0.0,1.0,1.0,0.0
DarkNexus,Call_utimensat,0,0.0,0.0,0.0,0.0,1.0,1.0,0.0
Mirai,Call_sendto,2,0.6512581576438323,0.0045808307105536525,0.6466773269332786,0.9984573325847677,0.0,0.0,0.6466773269332786
Mirai,Call_execve,2,0.0003342879251335331,0.16182244433798323,-0.1614881564128497,-0.6609721803421523,1.6969969325422972e-129,1.1356825625475374e-128,0.1614881564128497
Mirai,Call_read,2,0.21514847492906983,0.061424824115938984,0.15372365081313083,0.5171634244551102,1.1139366422205553e-101,6.057030492074269e-101,0.15372365081313083
Mirai,Call_mmap2,2,0.0006488065410581134,0.13059339860723346,-0.12994459206617534,-0.11908609450253971,1.913311227337013e-06,3.6186538430069594e-06,0.12994459206617534
Mirai,Call_readlink,2,0.016799136794661832,0.0928481864332393,-0.07604904963857748,-0.26096568314677493,1.689298354248581e-23,4.740934090955695e-23,0.07604904963857748
Mirai,Call_writev,2,1.446630123169898e-05,0.07547995681906963,-0.07546549051783794,-0.25759047344562935,3.10371821690598e-40,1.1250978536284178e-39,0.07546549051783794
Mirai,Call_brk,2,0.0013208992597903543,0.05638016439490884,-0.05505926513511848,-0.16508873669532653,1.4683627948528266e-09,2.9033537080044525e-09,0.05505926513511848
Mirai,Call_getpid,2,0.0002531571232094628,0.051981604716637056,-0.051728447593427596,0.12564326399104386,2.5380059770219463e-06,4.698011063849134e-06,0.051728447593427596
Mirai,Call_mprotect,2,0.0003685997127767319,0.046568424706437156,-0.046199824993660425,-0.23738336284837047,1.219997412562297e-22,3.216356814936965e-22,0.046199824993660425
Mirai,Call_ioctl,2,0.0018710346586648793,0.02923608861908009,-0.02736505396041521,0.2644358518572816,3.088784977925082e-23,8.397634158733817e-23,0.02736505396041521
Mirai,Call_exit_group,2,0.00047993857534335506,0.027299945309916984,-0.026820006734573628,0.06014153890237384,0.026122730383933628,0.043705337373119726,0.026820006734573628
Mirai,Call_open,2,0.020106507763922,0.04687493947293873,-0.026768431709016726,-0.07800632726872903,0.004034425015530254,0.007163162782676165,0.026768431709016726
Mirai,Call_rt_sigprocmask,2,0.003613494975494194,0.028379536173788626,-0.024766041198294432,0.40478443471901304,6.581425231789981e-55,2.7265904531701346e-54,0.024766041198294432
Mirai,Call_close,2,0.021300382595864056,0.04431679926662191,-0.023016416670757853,-0.04343958191380726,0.11026337240900186,0.17130202499255648,0.023016416670757853
Mirai,Call_recvfrom,2,0.022149462176613798,0.0008096448605924326,0.021339817316021366,0.9553809272330778,0.0,0.0,0.021339817316021366
Mirai,Call_rt_sigaction,2,0.002700276028729443,0.023763646444551527,-0.021063370415822083,0.33229822459971436,2.324515853965182e-36,7.778187665191185e-36,0.021063370415822083
Mirai,Call_getppid,2,0.005754849427938304,0.02317892236733306,-0.017424072939394755,0.591862845871532,5.866454387711859e-122,3.645582369506655e-121,0.017424072939394755
Mirai,Call_nanosleep,2,0.0042531396893562305,0.01914652522656505,-0.014893385537208818,0.32591681257590466,1.0094128284892209e-39,3.5127566431424885e-39,0.014893385537208818
Mirai,Call_munmap,2,3.8956476471926195e-05,0.006855284914740411,-0.006816328438268485,-0.27263564561297704,1.3358566379702305e-30,4.150697410836073e-30,0.006816328438268485
Mirai,Call_fcntl64,2,0.006940633064046369,0.013561632714096276,-0.006620999650049907,0.6133718944655557,1.716412301482045e-131,1.2443989185744828e-130,0.006620999650049907
Mirai,Call_socket,2,0.004014261012092993,0.01006768246458852,-0.006053421452495527,0.389278628058888,1.5822122427059844e-49,6.25693023251912e-49,0.006053421452495527
Mirai,Call_connect,2,0.0034238906257965094,0.00904569907913131,-0.005621808453334801,0.38733613323581984,3.576519264041691e-49,1.3528572868331616e-48,0.005621808453334801
Mirai,Call_unlink,2,0.00011714034914061663,0.004104093024531544,-0.003986952675390927,0.03859583946263201,0.04304951371668537,0.06935754987688199,0.003986952675390927
Mirai,Call_fcntl,2,0.0027352589769911334,0.006600763937168023,-0.0038655049601768895,0.37615096150161853,3.2474347791199034e-55,1.412634128917158e-54,0.0038655049601768895
Mirai,Call_write,2,0.001632638846991718,0.004709356885809871,-0.0030767180388181535,0.5310732533789582,1.5111290063245793e-95,7.733424914719905e-95,0.0030767180388181535
Mirai,Call_getsockname,2,0.000530170542220689,0.0021750086357626296,-0.0016448380935419407,0.5064647094004422,8.953378629929015e-84,4.327466337799024e-83,0.0016448380935419407
Mirai,Call_times,2,0.0005260694087885007,0.001822206567991807,-0.0012961371592033065,0.7319831939212906,4.061771039736317e-188,5.88956800761766e-187,0.0012961371592033065
Mirai,Call__newselect,2,0.0033818154518688794,0.00440881441576759,-0.0010269989638987107,0.6299197513073522,1.5990844119452713e-144,1.5457815982137622e-143,0.0010269989638987107
Mirai,Call_clock_gettime,2,0.0005472899975842328,0.0015241164427661495,-0.0009768264451819166,-0.0047046358321991555,0.24748644470748582,0.36493763880595365,0.0009768264451819166
Mirai,Call_chdir,2,5.243991696488086e-05,0.0009748059402765226,-0.0009223660233116417,0.14394119871588762,7.141443143651274e-17,1.6350146144675286e-16,0.0009223660233116417
Mirai,Call_lseek,2,0.0006227083364790763,0.001287076147563678,-0.0006643678110846016,-0.015698223600145944,0.19622138062501637,0.29433207093752456,0.0006643678110846016
Mirai,Call_wait4,2,0.00011412181625419131,0.000745260244108716,-0.0006311384278545247,0.055596001059542655,1.3114009330770929e-08,2.5353751372823798e-08,0.0006311384278545247
Mirai,Call_recv,2,0.0005125708388014715,5.28558062848723e-05,0.0004597150325165992,0.2750587662992141,4.3260609824122244e-114,2.50911536979909e-113,0.0004597150325165992
Mirai,Call_getsockopt,2,0.001291839511669041,0.0009137648344584951,0.00037807467721054594,0.69314912396149,9.991541822637762e-236,2.173160346423713e-234,0.00037807467721054594
Mirai,Call_inotify_add_watch,2,2.98800881900747e-05,0.00033531931459060394,-0.00030543922640052925,0.02337824172565517,1.3934450316804736e-09,2.819295761772121e-09,0.00030543922640052925
Mirai,Call_setsid,2,0.000201118896306107,0.00045594326029505113,-0.00025482436398894414,0.663317001494355,4.428831132554633e-153,4.816353856653163e-152,0.00025482436398894414
Mirai,Call_set_tid_address,2,0.0001341272967872592,0.00032870733569426657,-0.00019458003890700736,0.05465557367736262,5.80942713371877e-06,1.0529586679865271e-05,0.00019458003890700736
Mirai,Call_bind,2,0.00018528882159991403,0.00034441970047458236,-0.00015913087887466833,0.5495211233817403,6.872891822783491e-137,5.979415885821637e-136,0.00015913087887466833
Mirai,Call_rmdir,2,0.00021907124047376172,6.229679841370478e-05,0.00015677444206005695,0.010755357270778143,0.048084298719972954,0.07606061797522994,0.00015677444206005695
Mirai,Call_listen,2,0.0001827127156016102,0.00033562717447609375,-0.00015291445887448356,0.5462841873258044,5.353337079311337e-136,4.2340029627280575e-135,0.00015291445887448356
Mirai,Call_clone,2,0.0010023903788068786,0.0011456028418273942,-0.00014321246302051558,0.6859572284630469,2.5759001069220967e-163,3.201475847174606e-162,0.00014321246302051558
Mirai,Call_setsockopt,2,0.0004682848641936669,0.0003302182590998486,0.00013806660509381832,0.9032834159920968,0.0,0.0,0.00013806660509381832
Mirai,Call_send,2,0.0014206043420097372,0.001297488516530795,0.00012311582547894218,0.3681177624991878,7.888950169779816e-64,3.61230876195181e-63,0.00012311582547894218
Mirai,Call_poll,2,0.0,0.0001056908131413799,-0.0001056908131413799,-0.0032302722658053007,0.18060989344530531,0.27566773210072915,0.0001056908131413799
Mirai,Call_kill,2,0.0003300026709634977,0.0004178324153293935,-8.782974436589584e-05,0.1353657337915799,1.496203318814722e-26,4.488609956444166e-26,8.782974436589584e-05
Mirai,Call_prctl,2,0.0003828551279343069,0.0004698102174519836,-8.695508951767669e-05,0.7100434978900774,1.1167594403011071e-196,1.9431614261239266e-195,8.695508951767669e-05
Mirai,Call_getdents64,2,3.794906564414502e-05,0.00010926308156262554,-7.131401591848051e-05,-0.0014810273565244447,0.6521292286515539,0.8080708923885914,7.131401591848051e-05
Mirai,Call_ptrace,2,0.0,6.395486991524325e-05,-6.395486991524325e-05,-0.0013844023996307797,0.38127100936868386,0.5103166104957788,6.395486991524325e-05
Mirai,Call_inotify_init,2,4.6163558055823166e-06,5.39861812930264e-05,-4.936982548744409e-05,0.02337824172565517,1.3934450316804736e-09,2.819295761772121e-09,4.936982548744409e-05
Mirai,Call_sigreturn,2,5.7974293691850744e-05,1.6409468082413736e-05,4.156482560943701e-05,0.07004976185280021,5.806432744956553e-22,1.4857636729741768e-21,4.156482560943701e-05
Mirai,Call_uname,2,3.706646371139005e-05,7.416727764437819e-05,-3.710081393298814e-05,0.06409733131864748,2.0104172459090056e-14,4.266007326684963e-14,3.710081393298814e-05
Mirai,Call_dup2,2,5.128194335525819e-05,2.8123887703578778e-05,2.315805565167941e-05,0.06848876901470868,3.1636061901245835e-20,7.64538162613441e-20,2.315805565167941e-05
Mirai,Call_readv,2,2.7885395326810392e-05,4.918920487054618e-05,-2.1303809543735788e-05,-0.002807954566278914,0.35285346221262304,0.48727382876981273,2.1303809543735788e-05
Mirai,Call_access,2,0.00012969680685613716,0.00015029306221192243,-2.0596255355785268e-05,0.10146453447595127,1.9171570458871775e-31,6.177506036747572e-31,2.0596255355785268e-05
Mirai,Call__llseek,2,2.900929272726568e-05,4.917141506844349e-05,-2.0162122341177812e-05,-0.0010012344671217477,0.7511952302559757,0.907694236559304,2.0162122341177812e-05
Mirai,Call_pipe,2,1.515475417484332e-05,3.287702484646686e-05,-1.772227067162354e-05,-0.012117269378718154,0.03673836277661835,0.0603063690861471,1.772227067162354e-05
Mirai,Call_fstat,2,2.7244725567147208e-06,1.9506940702319568e-05,-1.6782468145604848e-05,0.007162741416621765,0.008803966690325972,0.01531890204116719,1.6782468145604848e-05
Mirai,Call_sysinfo,2,0.0,1.3917568448619751e-05,-1.3917568448619751e-05,-0.0013844023996307797,0.38127103083017955,0.5103166104957788,1.3917568448619751e-05
Mirai,Call_exit,2,2.661359765667857e-06,1.4921891464885945e-05,-1.2260531699218087e-05,0.007585059116148152,0.020896863690243576,0.035647591001003745,1.2260531699218087e-05
Mirai,Call_gettid,2,5.6129813072062624e-05,4.4109601985573295e-05,1.2020211086489329e-05,0.06274125002707165,9.055991545352674e-15,1.9696781611142067e-14,1.2020211086489329e-05
Mirai,Call_mkdir,2,1.8472288525105397e-05,7.724625467227457e-06,1.074766305787794e-05,0.07216718116679632,5.736800080333207e-25,1.6636720232966302e-24,1.074766305787794e-05
Mirai,Call_flock,2,3.3705836148629e-06,1.2826378297019953e-05,-9.455794682157053e-06,0.0003781700899112561,0.8902272706939127,1.0,9.455794682157053e-06
Mirai,Call_rename,2,2.235833842079645e-05,1.3452911282281375e-05,8.905427138515076e-06,0.08294919359809683,3.719320514059749e-21,9.245168134948519e-21,8.905427138515076e-06
Mirai,Call_chmod,2,1.8423440567548412e-05,1.0433263916792386e-05,7.990176650756026e-06,0.06416896706255137,6.759424877347721e-16,1.507871703408338e-15,7.990176650756026e-06
Mirai,Call_pipe2,2,0.0,7.281537933626962e-06,-7.281537933626962e-06,-0.0009229349330872605,0.4748917164984119,0.6166504766005054,7.281537933626962e-06
Mirai,Call_fork,2,6.624488459248605e-05,5.985402972169477e-05,6.3908548707912805e-06,0.07349993919291498,1.3610398137841142e-17,3.2002828053842686e-17,6.3908548707912805e-06
Mirai,Call_umask,2,1.9539183022794654e-07,1.6349614248436379e-06,-1.4395695946156913e-06,-0.0037292235518334715,0.2561599681306178,0.37143195378939586,1.4395695946156913e-06
Mirai,Call_sync,2,1.3682324058242791e-06,3.94013624840085e-07,9.742187809841941e-07,-0.00010995253715484488,0.9785968272389997,1.0,9.742187809841941e-07
Mirai,Call_sendfile64,2,9.769591511397327e-08,8.267601580770963e-07,-7.29064242963123e-07,-0.002807954566278914,0.35285346221262304,0.48727382876981273,7.29064242963123e-07
Mirai,Call_getcwd,2,7.492649336368555e-07,4.7389073278879154e-08,7.018758603579763e-07,0.00042315067329279366,0.8169337903467065,0.9736060241118284,7.018758603579763e-07
Mirai,Call_symlink,2,8.071069427508061e-07,1.3770835897294032e-07,6.693985837778659e-07,-0.001447708405871495,0.6594601535585056,0.8080708923885914,6.693985837778659e-07
Mirai,Call_accept,2,3.7463246681842776e-07,2.2993516910661856e-08,3.516389499077659e-07,0.0008837851660699059,0.5763297060193315,0.7266765858504615,3.516389499077659e-07
Mirai,Call_sched_yield,2,2.1255374203600098e-06,1.786336134849638e-06,3.3920128551037184e-07,-0.0038133539022322527,0.49505998586444255,0.6333855701500957,3.3920128551037184e-07
Mirai,Call_utimensat,2,4.8847957556986636e-08,3.6780472264998595e-07,-3.189567650929993e-07,-4.248166208253856e-05,0.9837059190370829,1.0,3.189567650929993e-07
Mirai,Call_setpgid,2,0.0,3.2237002267483496e-08,-3.2237002267483496e-08,-0.00184586986617441,0.31185183539537,0.4447722898261834,3.2237002267483496e-08
Mirai,Call_setrlimit,2,0.0,2.428780341446975e-08,-2.428780341446975e-08,-0.0009229349330872605,0.47489174634751563,0.6166504766005054,2.428780341446975e-08
Mirai,Call_epoll_create1,2,0.0,0.0,0.0,0.0,1.0,1.0,0.0
Mirai,Call_epoll_ctl,2,0.0,0.0,0.0,0.0,1.0,1.0,0.0
Mirai,Call_epoll_pwait,2,0.0,0.0,0.0,0.0,1.0,1.0,0.0
Mirai,Call_fsync,2,0.0,0.0,0.0,0.0,1.0,1.0,0.0
Mirai,Call_futex,2,0.0,0.0,0.0,0.0,1.0,1.0,0.0
Mirai,Call_getrusage,2,0.0,0.0,0.0,0.0,1.0,1.0,0.0
Mirai,Call_recvmsg,2,0.0,0.0,0.0,0.0,1.0,1.0,0.0
Mirai,Call_rt_sigreturn,2,0.0,0.0,0.0,0.0,1.0,1.0,0.0
Mirai,Call_sendmsg,2,0.0,0.0,0.0,0.0,1.0,1.0,0.0
Mirai,Call_setitimer,2,0.0,0.0,0.0,0.0,1.0,1.0,0.0
Mirai,Call_statfs64,2,0.0,0.0,0.0,0.0,1.0,1.0,0.0
