feature_set,model,held_out_arch,hyperparameter,inner_mean_macro_f1,macro_f1,darknexus_recall,balanced_accuracy,mcc,pr_auc_darknexus,roc_auc,threshold,n,n_darknexus,macro_f1_ci_low,darknexus_recall_ci_low,balanced_accuracy_ci_low,mcc_ci_low,pr_auc_darknexus_ci_low,roc_auc_ci_low,macro_f1_ci_high,darknexus_recall_ci_high,balanced_accuracy_ci_high,mcc_ci_high,pr_auc_darknexus_ci_high,roc_auc_ci_high
pcap,logistic,arm,0.01,0.5034588638270688,0.49841923898807916,0.07954545454545454,0.5041240686913234,0.005574548146653428,0.0362637414420721,0.45155106745514684,0.61,2809,88,0.4823046702597967,0.03409090909090909,0.47827988749122985,-0.028722432207688924,0.02656008420428663,0.3806356703751963,0.5171157080268421,0.1423295454545452,0.5369922697203567,0.048223604325777464,0.0680796851669112,0.5171202098159099
pcap,logistic,mips,1.0,0.5029764035439841,0.4929667519181586,0.0,0.4993523316062176,-0.005860550416593089,0.02944386826512945,0.5375647668393781,0.8699999999999999,1586,42,0.49248,0.0,0.49838082901554404,-0.0092751312602676,0.024607937921997995,0.462316493955095,0.49329073482428115,0.0,0.5,0.0,0.044931245045281634,0.6199894368369109
pcap,logistic,mipsel,1.0,0.49847516180290447,0.49266666666666664,0.0,0.4983142279163857,-0.00931009129646572,0.04338771565623302,0.6566384840154227,0.82,1522,39,0.49181969949916526,0.0,0.49662845583277143,-0.01318820934659929,0.03409546635672058,0.5875447377976036,0.4933422103861518,0.0,0.4996628455832771,-0.004158120980485265,0.07402809894490175,0.7325341044659992
pcap,logistic,x86,1.0,0.5028866464645293,0.46181469009786386,0.24,0.5107407407407407,0.008849676603895395,0.03431054674236016,0.5383086419753086,0.72,1670,50,0.4448275316270289,0.12,0.4512932098765432,-0.0404747900500164,0.027974998838638104,0.4560145061728395,0.4785935927234082,0.36,0.5709182098765432,0.05812562300562464,0.0502573884580326,0.6147253086419753
pcap,random_forest,arm,1.0,0.527577100941268,0.5444214550699444,0.17045454545454544,0.5607877284420835,0.09479779206975725,0.07371118184005603,0.49245974073702853,0.12,2809,88,0.5184021030974969,0.0963068181818182,0.5241311787945608,0.04036185493134695,0.042390979703989494,0.42594759613778355,0.5734549759110489,0.25,0.601768651231165,0.15652231360133373,0.13718349935940422,0.560678153503057
pcap,random_forest,mips,1.0,0.5341492269659365,0.5281687746498028,0.07142857142857142,0.5256754256106588,0.05692599408387037,0.04746516606945401,0.5888385146804836,0.13,1586,42,0.48846546379419753,0.0,0.4904387953367876,-0.022714853341535855,0.029958260908753177,0.5043546061559339,0.571744142599104,0.14285714285714285,0.5638265636565506,0.14564040650257684,0.10654926153388608,0.6814797680730322
pcap,random_forest,mipsel,1.0,0.5216671050110361,0.4935108153078203,0.0,0.5,0.0,0.055393477805361906,0.5891816657157184,0.27999999999999997,1522,39,0.4935108153078203,0.0,0.5,0.0,0.032301863513462405,0.5003395317876099,0.4935108153078203,0.0,0.5,0.0,0.12996722944729303,0.6677663087642858
pcap,random_forest,x86,5.0,0.5242510927432604,0.5191292496112722,0.08,0.5217901234567901,0.038981090361402834,0.0630002740448786,0.5109320987654321,0.27999999999999997,1670,50,0.48641525374648786,0.00950000000000003,0.4856172839506173,-0.026426332530962562,0.029991955780140953,0.43093333333333333,0.5529603688891812,0.16,0.5616435185185185,0.10732166593124835,0.1259948395522998,0.598083024691358
sar,logistic,arm,0.1,0.5689795245474439,0.4920433996383363,0.0,0.5,0.0,0.022791314025399464,0.3631018008085263,0.22999999999999998,2809,88,0.4920433996383363,0.0,0.5,0.0,0.021348418972979788,0.314027367111022,0.4920433996383363,0.0,0.5,0.0,0.027414995778145095,0.4132490143997861
sar,logistic,mips,1.0,0.521473242320355,0.4062687887828839,0.9285714285714286,0.740840118430792,0.1551861453368332,0.17739974720582774,0.8477054034048853,0.05,1586,42,0.3945145398588134,0.8333333333333334,0.6938525474956821,0.1249894209975991,0.12653479685217103,0.772760917838638,0.4194320994540258,1.0,0.7770482512953367,0.17849036270239108,0.2686134915832204,0.904130813594868
sar,logistic,mipsel,0.01,0.4999286016144257,0.4935108153078203,0.0,0.5,0.0,0.13861632059751733,0.8358144440410118,0.95,1522,39,0.4935108153078203,0.0,0.5,0.0,0.09024584073369357,0.7837863305496482,0.4935108153078203,0.0,0.5,0.0,0.2455395886861399,0.8884533257257465
sar,logistic,x86,0.01,0.49690959347828295,0.4905430140329469,0.0,0.4962962962962963,-0.01494603017781707,0.0863562867957996,0.6705432098765431,0.95,1670,50,0.4894527667380006,0.0,0.4941358024691358,-0.018846502166305415,0.05274183580577128,0.6074771604938272,0.49147381242387334,0.0,0.4981481481481482,-0.010549368407121527,0.1483488586600652,0.7314373456790123
sar,random_forest,arm,5.0,0.7598329364425723,0.4920433996383363,0.0,0.5,0.0,0.026169174435229217,0.3869984297216933,0.37999999999999995,2809,88,0.4920433996383363,0.0,0.5,0.0,0.02357642940409692,0.3421565955865157,0.4920433996383363,0.0,0.5,0.0,0.04007600085402034,0.43886830334769966
sar,random_forest,mips,5.0,0.5440796833109588,0.8334033613445379,0.9047619047619048,0.9420182580804343,0.6910665576989705,0.8174360713331724,0.9840241796200346,0.26999999999999996,1586,42,0.7934509687518321,0.8095238095238095,0.8945206482852209,0.6194412443501811,0.726329688688437,0.9652880582284727,0.87609375,0.9761904761904762,0.9787040463853935,0.7639162313845959,0.9035373594112815,0.9960692696767827
sar,random_forest,mipsel,1.0,0.536974026423874,0.8273789270727004,0.8974358974358975,0.93826616179954,0.6800144789113576,0.8066824112527632,0.9915192696716634,0.13,1522,39,0.7885071484750282,0.7948717948717948,0.887481413282155,0.6134081607818388,0.7189462543097329,0.9863013728236251,0.8702470814305793,0.9743589743589743,0.9779161695800266,0.7571304579439492,0.8923485711136965,0.9959163251897574
sar,random_forest,x86,5.0,0.7298939278429754,0.49240121580547114,0.0,0.5,0.0,0.06507043279694694,0.41380246913580243,0.3999999999999999,1670,50,0.49240121580547114,0.0,0.5,0.0,0.030237337812701277,0.34991003086419753,0.49240121580547114,0.0,0.5,0.0,0.14900480412891537,0.4853350308641975
strace,logistic,arm,1.0,0.8883102613931294,0.5801247048631236,0.2727272727272727,0.6121078480505162,0.17054566887484543,0.12130504915782729,0.6795692592963817,0.6399999999999999,2809,88,0.5482624735560649,0.18181818181818182,0.5663730747385654,0.10300904931728014,0.08512852636887348,0.6276941653302596,0.6112893241726104,0.3522727272727273,0.6539018910160035,0.23378476159807662,0.17542644420977344,0.730117186194915
strace,logistic,mips,0.01,0.7034561664874334,0.6865612648221344,0.42857142857142855,0.7039230199851961,0.3747692356835121,0.26571165209651365,0.9130582284727363,0.8599999999999999,1586,42,0.6280369381181683,0.2857142857142857,0.6332959381939305,0.2576155889299964,0.18616837766377903,0.8754098044658277,0.7493324495685594,0.5714285714285714,0.7758454385640267,0.4988224467319874,0.38973832239756884,0.9443294319022946
strace,logistic,mipsel,0.1,0.6796120320600542,0.7946018893387314,0.6153846153846154,0.8019606826080191,0.5894049997622048,0.41331119824928886,0.9635181631135777,0.9099999999999999,1522,39,0.736824622577801,0.46153846153846156,0.7263862233518337,0.47369331051057284,0.3194055367960294,0.942128741117278,0.8539710138050213,0.7570512820512815,0.8740583450040629,0.7097142454712195,0.5659339331229668,0.9805072877223923
strace,logistic,x86,0.01,0.7814168424882916,0.4919379373288713,0.0,0.49907407407407406,-0.007452814680791567,0.4813806120133947,0.9322716049382717,0.95,1670,50,0.49131891562595187,0.0,0.4978395061728395,-0.011398045604644766,0.3616749765369781,0.9114654320987654,0.49240121580547114,0.0,0.5,0.0,0.6236268234573847,0.9514827160493827
strace,random_forest,arm,1.0,0.9398953008682116,0.7143389830508474,0.29545454545454547,0.6469922488389964,0.49822456438763574,0.448267009044442,0.8177662791086164,0.16999999999999998,2809,88,0.6506923438865363,0.19318181818181818,0.5960396411747018,0.39258037002282414,0.35449754467673905,0.7862528607463833,0.7641824935776156,0.38636363636363635,0.6925432661788781,0.5842678341308598,0.5385427769567234,0.8506650713307273
strace,random_forest,mips,1.0,0.878460800951256,0.9428221212776696,0.9523809523809523,0.9735998026153466,0.8877506831050086,0.9512452499078412,0.9985273254379472,0.13,1586,42,0.9108874987655813,0.8809523809523809,0.9378855169010609,0.8267489794978697,0.911206875711823,0.9972312176165804,0.9697783875454944,1.0,0.9980569948186528,0.939625663684017,0.9850156023860159,0.9995682210708118
strace,random_forest,mipsel,1.0,0.866211548579597,0.9467540494210115,1.0,0.9969656102494943,0.8986484944934967,0.9184181908570059,0.9979857184847071,0.12,1522,39,0.9168133273575934,1.0,0.9949426837491571,0.8455277700110705,0.8594881312902539,0.9964118989574148,0.974934536651241,1.0,0.9986513823331086,0.9510680388198883,0.9707595356515806,0.9992870048584815
strace,random_forest,x86,1.0,0.8700831672068978,0.8544960015758829,0.58,0.7893827160493827,0.7307600046205124,0.9317516585865224,0.9979753086419754,0.19,1670,50,0.7932966324168814,0.44,0.7195293209876543,0.6294221131942859,0.8875573854216644,0.9965487654320987,0.9094605584169151,0.72,0.8590740740740741,0.8328132933925684,0.9759164608678709,0.9993274691358024
fusion_all,logistic,arm,1.0,0.6844744613702171,0.36052666258145716,0.4431818181818182,0.47664419832280913,-0.016278895740938555,0.036925171223250626,0.6011346931275267,0.38999999999999996,2809,88,0.34898756783107243,0.3409090909090909,0.4259511981724633,-0.05164790599793225,0.03388584208139501,0.5659256915906585,0.37191999577889717,0.5454545454545454,0.5272568574387757,0.018994936673762213,0.04130770070789679,0.6367033760983595
fusion_all,logistic,mips,0.1,0.5699657328179861,0.5258523647757145,0.9523809523809523,0.8609055020972118,0.26776309436839746,0.36639665428248364,0.9392887984209227,0.4599999999999999,1586,42,0.5129152799746448,0.8809523809523809,0.8256322477177399,0.24024448324573575,0.27943215027523305,0.8822951363187762,0.5406944317739328,1.0,0.8882933937823835,0.291288816782465,0.5042608285506887,0.9773165710584751
fusion_all,logistic,mipsel,0.1,0.5516684432146771,0.6262390915026025,0.9487179487179487,0.9197399588498711,0.39346556488498163,0.5693261775632414,0.980237564189014,0.4599999999999999,1522,39,0.6063466770527515,0.8717948717948718,0.8815987170842196,0.3548307523211409,0.4535893535596448,0.9678263914103429,0.6477337847559482,1.0,0.9489295347269049,0.4309241836760135,0.7229694490346376,0.9902674758372667
fusion_all,logistic,x86,1.0,0.5048847337931793,0.49116392443631934,0.0,0.49753086419753084,-0.012188688514591067,0.38803622432504226,0.9523209876543209,0.8599999999999999,1670,50,0.4901502716960732,0.0,0.49551697530864197,-0.016453605772969913,0.30430176262639264,0.9168172839506172,0.4919379373288713,0.0,0.49907407407407406,-0.007452814680791567,0.5067060655566958,0.9749456790123456
fusion_all,random_forest,arm,5.0,0.8904560454350735,0.6940087145969499,0.25,0.625,0.49404418379695075,0.3815729012972799,0.8542188700678226,0.29,2809,88,0.630547142714954,0.1590909090909091,0.5795454545454546,0.39354649291811056,0.2855679098128642,0.8275085300357489,0.742500586528945,0.32954545454545453,0.6647727272727273,0.567936179734259,0.4709953701386076,0.8823377622698875
fusion_all,random_forest,mips,1.0,0.7996107867742408,0.9248076506285219,0.9761904761904762,0.9838853935356526,0.8568297536590352,0.9506159425660312,0.998519615099926,0.13,1586,42,0.8926205222280613,0.9285714285714286,0.9592581883789786,0.7975637176499789,0.9043417996979198,0.997004340920306,0.9552230378317335,1.0,0.9970854922279793,0.9141376638087846,0.9886403109845858,0.9996996823340735
fusion_all,random_forest,mipsel,5.0,0.7866159475936199,0.9313021891220943,1.0,0.9959541469993257,0.8709294501711602,0.9098919285441587,0.9977177239483376,0.24,1522,39,0.8988382384322341,1.0,0.9935940660822657,0.8147385571184543,0.8485475093678984,0.9959541469993257,0.9632722007722008,1.0,0.9979770734996629,0.9290641854752281,0.968056042527275,0.9992219513460242
fusion_all,random_forest,x86,1.0,0.8628121818101429,0.8109362617457263,0.46,0.73,0.6726507387890409,0.663181765381684,0.9702037037037037,0.18,1670,50,0.7426745000019104,0.3295,0.6647500000000001,0.5681081558314722,0.5636643896702496,0.9576692901234568,0.863868736389785,0.58,0.79,0.756688639089096,0.765632705834133,0.9824086419753086
fusion_minus_pcap,logistic,arm,1.0,0.737798814587365,0.38217720759404533,0.4318181818181818,0.49448314456583475,-0.0038698645382889206,0.03722913405713997,0.6017841034379072,0.4499999999999999,2809,88,0.3707509587826304,0.32954545454545453,0.44232009663893623,-0.04052954513820517,0.03387468265156558,0.5640774823761318,0.3934512105131388,0.5286931818181815,0.5446518659583709,0.03147130823562392,0.04161861554492326,0.636085079015068
fusion_minus_pcap,logistic,mips,1.0,0.5913037951859362,0.6617327133899245,0.8571428571428571,0.8900351591413767,0.42179009853681204,0.40794938792031216,0.9420182580804343,0.73,1586,42,0.6341441082858861,0.7380952380952381,0.8316366734517642,0.36149726599274346,0.3181375041972327,0.8834752035529239,0.6927268569672951,0.9523809523809523,0.942851745620528,0.48314668185863746,0.5583030476297822,0.9786238588699729
fusion_minus_pcap,logistic,mipsel,1.0,0.576187757675721,0.78661956034096,0.5384615384615384,0.765184916230095,0.5754099580936537,0.5892866942885674,0.9880180507287722,0.95,1522,39,0.7212284022223578,0.38461538461538464,0.688261839307018,0.44907883533999826,0.47262909370940304,0.9815334474471359,0.852630219980358,0.6923076923076923,0.8426221536386742,0.7070371238266898,0.7417700013277015,0.9933904766844753
fusion_minus_pcap,logistic,x86,1.0,0.5339951595905429,0.4910088387686681,0.0,0.49722222222222223,-0.012931947516635494,0.37086814391594214,0.9498395061728395,0.3999999999999999,1670,50,0.4899205864386072,0.0,0.49506172839506174,-0.017279044918202636,0.28845976211155855,0.9167132716049382,0.4917833231892879,0.0,0.49876543209876545,-0.008608351500740324,0.49206760941766337,0.9719641975308642
fusion_minus_pcap,random_forest,arm,5.0,0.8885511566651368,0.7067464862672107,0.29545454545454547,0.64625722495072,0.46599577523094127,0.35011342756129354,0.7135369683605626,0.3,2809,88,0.6443663987183418,0.19318181818181818,0.5954883732584946,0.3492262330813033,0.2530057524249439,0.6626432983361732,0.7521658697632059,0.375,0.6867649761117236,0.5528091957547621,0.43333701004874625,0.7648272798269353
fusion_minus_pcap,random_forest,mips,1.0,0.7915802550431668,0.9440287972896668,0.9761904761904762,0.9851807303232174,0.8916639793035649,0.9510487176638267,0.9946875771033803,0.13,1586,42,0.9140658864325965,0.9285714285714286,0.96039970392302,0.8351762275858138,0.898712739317412,0.9847950206637058,0.9710992138840397,1.0,0.9980569948186528,0.9437813220086853,0.9919286351603426,0.9998076270663705
fusion_minus_pcap,random_forest,mipsel,5.0,0.7884104702352079,0.9263702771999419,1.0,0.9956169925826028,0.8622212528544541,0.9181433431319379,0.997890623649221,0.22999999999999998,1522,39,0.894564750543802,1.0,0.9932569116655428,0.8075285492136636,0.8563711744569342,0.9961962065805626,0.9605972366580144,1.0,0.9978169251517195,0.9240932450794509,0.972656481515136,0.9992911112263776
fusion_minus_pcap,random_forest,x86,1.0,0.8650068203466991,0.7913390406679908,0.42,0.71,0.6423501422712732,0.6885039218940608,0.9783271604938271,0.15999999999999998,1670,50,0.7132554945054945,0.28,0.64,0.5233670255931882,0.5898701683736512,0.9693194444444444,0.8471249865672177,0.54,0.77,0.7296853139087732,0.77869671211455,0.9868208333333334
fusion_minus_sar,logistic,arm,1.0,0.8338978268856175,0.5577815696192246,0.2727272727272727,0.6025525375029234,0.13645208302467748,0.059996657846649135,0.6597152617687347,0.8599999999999999,2809,88,0.5323832568494695,0.19318181818181818,0.5602669473121512,0.08117497740957305,0.04723927718082294,0.6127597641241522,0.5867327981461723,0.36363636363636365,0.6473685309545287,0.1976782676700745,0.081758599515711,0.7062944772977849
fusion_minus_sar,logistic,mips,1.0,0.6924440884466811,0.7028454694903781,0.5476190476190477,0.7598846533432027,0.41789306258193204,0.29495823329386867,0.947292129286948,0.82,1586,42,0.6509107749890821,0.40476190476190477,0.6847077010856156,0.3085579021876865,0.23346832018042776,0.9170706883789785,0.7555128893772067,0.6904761904761905,0.8323009190722922,0.5218369262458059,0.40358589485364954,0.9724787194670614
fusion_minus_sar,logistic,mipsel,0.1,0.6475589163395217,0.7907276159048011,0.6153846153846154,0.8016235281912962,0.5818922694201097,0.3984209118252956,0.9684112246485814,0.9099999999999999,1522,39,0.7367579763542649,0.46153846153846156,0.7263862233518337,0.47369331051057284,0.3121427277585719,0.9531018206338503,0.8491842592107275,0.7570512820512815,0.8738813389352834,0.7000639156296623,0.5638443369786493,0.982092777979494
fusion_minus_sar,logistic,x86,0.01,0.7529679346931656,0.6683474529065008,0.22,0.6093827160493828,0.4242172045176837,0.460827937911714,0.931469135802469,0.94,1670,50,0.5796860734901975,0.1,0.5492206790123456,0.2605267566775947,0.3418087729888006,0.907803086419753,0.741026765736667,0.34,0.6693827160493827,0.5443663362562322,0.6224602638070933,0.9524716049382717
fusion_minus_sar,random_forest,arm,5.0,0.9266738556892883,0.7084738726583987,0.2727272727272727,0.6363636363636364,0.5161975701714944,0.4132451924049113,0.7873588420032742,0.30999999999999994,2809,88,0.6473173181551855,0.18181818181818182,0.5909090909090909,0.42086950416626123,0.31719250883605526,0.7471361736159834,0.7553214411787629,0.3522727272727273,0.6761363636363636,0.5874050299016348,0.5028641374098565,0.8250680732351074
fusion_minus_sar,random_forest,mips,5.0,0.8591110151805278,0.9377753048639125,0.9523809523809523,0.9732759684184554,0.8783301036747222,0.9027252162986683,0.9966382926227486,0.21999999999999997,1586,42,0.9042321168233469,0.8809523809523809,0.9378855169010609,0.8157984323068426,0.8271309255162306,0.9932295521835677,0.9656932727666018,1.0,0.9977331606217616,0.9335950626115385,0.9694980429710696,0.9992466999753269
fusion_minus_sar,random_forest,mipsel,1.0,0.8554875319179799,0.9467540494210115,1.0,0.9969656102494943,0.8986484944934967,0.9131479214221537,0.9978128187838236,0.13999999999999999,1522,39,0.9168133273575934,1.0,0.9949426837491571,0.8455277700110705,0.8505070042982414,0.9960533482027076,0.974934536651241,1.0,0.9986513823331086,0.9510680388198883,0.9669246792509214,0.9992178449781282
fusion_minus_sar,random_forest,x86,5.0,0.8637913578695614,0.811500257997936,0.48,0.7393827160493827,0.6590641894822545,0.895694919696148,0.9961481481481481,0.31999999999999995,1670,50,0.7479049766526795,0.36,0.6789120370370371,0.547753604564657,0.8327748206514979,0.9931657407407408,0.8671485231779801,0.6,0.7998533950617284,0.7567917709967125,0.9525810421499079,0.9985496913580247
fusion_minus_strace,logistic,arm,1.0,0.5571633254178894,0.4920433996383363,0.0,0.5,0.0,0.024727971153309786,0.41001386522334704,0.05,2809,88,0.4920433996383363,0.0,0.5,0.0,0.022555323503221623,0.3517528858040159,0.4920433996383363,0.0,0.5,0.0,0.030758001208740605,0.4599579031773078
fusion_minus_strace,logistic,mips,0.01,0.5208960963178013,0.4660102991575672,0.7142857142857143,0.7072076239822354,0.1437641096393922,0.11360553242910103,0.7614575622995312,0.57,1586,42,0.4515094232525993,0.5952380952380952,0.6445992937330373,0.10007556663833096,0.07217525522730518,0.6924369294349865,0.48276540339308877,0.8571428571428571,0.7728719467061435,0.18914247701959308,0.207364281118845,0.8275698556624722
fusion_minus_strace,logistic,mipsel,0.01,0.5087471169438031,0.4935108153078203,0.0,0.5,0.0,0.11623234349953751,0.8367308124556945,0.95,1522,39,0.4935108153078203,0.0,0.5,0.0,0.08002071521520783,0.7892564448363505,0.4935108153078203,0.0,0.5,0.0,0.1937643816003157,0.8852767259712642
fusion_minus_strace,logistic,x86,0.01,0.4975287542024083,0.4906983836535529,0.0,0.49660493827160496,-0.014305421036461798,0.058495894679535004,0.6544567901234568,0.95,1670,50,0.4896088019559902,0.0,0.49444444444444446,-0.018338285338985898,0.04027773692008004,0.5962395061728395,0.4916286149162861,0.0,0.4984567901234568,-0.009627319350185858,0.09844405720794547,0.7113015432098765
fusion_minus_strace,random_forest,arm,5.0,0.7487376654069301,0.4920433996383363,0.0,0.5,0.0,0.02484419975625253,0.3782282583274865,0.36999999999999994,2809,88,0.4920433996383363,0.0,0.5,0.0,0.022474645386242574,0.32706798553339345,0.4920433996383363,0.0,0.5,0.0,0.033387417277300574,0.42978966205606217
fusion_minus_strace,random_forest,mips,1.0,0.5398353165156808,0.8800961124423539,0.9047619047619048,0.9462281026400197,0.7698285904704306,0.8068446925171774,0.9885193066864052,0.13,1586,42,0.840144114970544,0.8095238095238095,0.899734378855169,0.6938158045079506,0.7114051291209577,0.973855014803849,0.918615192514924,0.9761904761904762,0.984241611152233,0.8431262317393017,0.9038502265591016,0.9971706914631137
fusion_minus_strace,random_forest,mipsel,1.0,0.5311548779769597,0.7840176568448958,0.8461538461538461,0.9092535919912859,0.6013471177873403,0.7562401304478042,0.9853986202603869,0.13,1522,39,0.7443966379914907,0.7435897435897436,0.8567830713902865,0.524187134840186,0.6548975877117188,0.9758413731694244,0.8272951447059016,0.9487179487179487,0.9607126493421166,0.6839062610116974,0.8576685559605263,0.9931598717084219
fusion_minus_strace,random_forest,x86,1.0,0.7344663798409833,0.49240121580547114,0.0,0.5,0.0,0.0818656669375129,0.3953518518518519,0.24,1670,50,0.49240121580547114,0.0,0.5,0.0,0.0325599128701945,0.32582993827160495,0.49240121580547114,0.0,0.5,0.0,0.1628647908226264,0.46694336419753085
